sample_id,winding_speed_rpm,wire_tension_N,wire_diameter_mm,num_turns,slot_width_mm,slot_depth_mm,insulation_thickness_mm,winding_temperature_C,spindle_torque_Nm,back_tension_N,coil_former_material,tension_mean_N,tension_std_N,tension_peak_N,tension_slope_start,tension_area_Nmm,power_mean_W,power_std_W,power_peak_W,power_rms_W,power_energy_J,temp_max_C,temp_gradient_C_per_turn,temp_time_above_60s,slot_fill_factor_pct,winding_resistance_mOhm,insulation_integrity_score,insulation_failure,process_stability_index
PMSM_0001,424.7,18.96,1.0,47,6.13,19.15,0.035,26.0,1.186,5.17,Aluminum,18.388,1.4,23.13,5.8229,734.23,52.77,6.194,55.96,52.88,350.38,29.4,0.0703,0.0,30.72,263.8,65.6,0,0.9448
PMSM_0002,770.4,15.72,0.71,82,5.23,29.57,0.078,42.6,2.934,7.1,Steel,14.302,0.849,18.951,6.9448,701.98,236.74,15.063,277.65,231.26,1511.85,53.2,0.1282,0.0,22.0,890.4,64.7,0,0.9574
PMSM_0003,639.2,11.19,1.12,115,5.15,19.97,0.032,64.6,2.517,5.04,Aluminum,10.786,1.497,12.623,3.169,1184.18,168.46,15.386,191.5,173.12,1818.51,70.3,0.0493,7.509,82.0,517.7,57.0,0,0.9824
PMSM_0004,559.2,21.28,0.3,40,3.23,22.23,0.077,69.8,1.239,3.42,Composite,21.754,0.945,22.912,24.3951,220.09,72.57,2.592,93.81,72.95,311.45,74.4,0.1119,3.306,22.0,2595.2,47.7,1,0.991
PMSM_0005,293.6,18.69,1.12,96,4.81,17.94,0.08,32.8,4.428,6.62,Aluminum,18.953,1.287,22.918,5.5355,1733.17,136.15,8.94,175.65,138.34,2670.97,47.0,0.1461,0.0,82.0,417.3,57.9,1,0.8999
PMSM_0006,293.6,8.25,0.3,103,3.53,24.16,0.063,25.5,1.594,4.78,Steel,8.142,1.079,12.452,8.9415,213.67,49.02,5.723,58.19,48.15,1031.83,27.8,0.0215,0.0,22.0,6240.0,79.1,0,0.9196
PMSM_0007,234.9,23.22,0.5,67,5.58,19.21,0.079,68.5,1.049,1.55,Composite,23.207,1.112,28.079,15.3188,663.35,25.79,2.025,31.78,25.74,441.5,76.2,0.1131,5.248,22.0,1568.3,43.5,0,0.9973
PMSM_0008,719.7,21.45,0.3,76,4.79,18.1,0.054,42.6,3.001,4.96,Steel,21.106,1.506,25.666,23.6267,409.85,226.17,12.645,278.48,228.83,1433.01,44.9,0.0296,0.0,22.0,4790.5,58.9,0,0.9914
PMSM_0009,560.7,24.0,1.0,86,5.38,22.75,0.036,50.7,3.534,7.36,Aluminum,24.098,0.784,27.501,7.8909,1761.12,207.48,8.47,269.34,205.51,1909.51,59.0,0.0952,1.638,55.66,464.5,46.8,1,0.9904
PMSM_0010,624.8,19.51,0.71,115,3.15,15.08,0.046,73.3,0.92,3.77,Aluminum,19.897,1.978,23.018,9.4704,1379.14,60.2,5.618,70.89,58.39,664.79,81.8,0.0734,10.851,82.0,1282.9,46.1,1,0.9945
PMSM_0011,212.4,17.27,0.5,76,3.3,15.11,0.056,25.5,3.237,3.07,Steel,16.46,0.472,17.572,10.8971,533.27,71.99,6.338,81.54,75.31,1545.86,31.7,0.0803,0.0,28.44,1642.2,67.4,0,0.9517
PMSM_0012,781.9,13.36,0.3,88,5.51,18.29,0.024,56.4,2.769,2.0,Composite,13.515,0.961,15.501,14.6211,299.52,226.78,14.436,256.15,227.04,1531.3,60.1,0.0418,3.333,22.0,5281.4,54.7,1,0.9728
PMSM_0013,699.5,23.65,1.12,83,3.25,15.55,0.057,25.9,1.182,2.06,Aluminum,24.121,1.348,26.959,7.0647,1907.22,86.58,10.008,104.84,88.61,616.46,32.8,0.0821,0.0,82.0,367.7,58.1,0,0.7872
PMSM_0014,327.4,22.32,0.5,95,3.25,16.62,0.079,41.9,1.438,4.03,Aluminum,22.114,1.434,25.628,14.5067,890.64,49.31,1.578,58.42,48.88,858.55,52.6,0.1119,0.0,42.68,1931.5,61.4,0,0.9461
PMSM_0015,309.1,5.9,0.5,67,3.04,20.08,0.031,64.6,2.902,5.17,Composite,6.255,1.16,9.484,4.1766,180.61,93.92,5.385,111.01,92.56,1221.46,76.8,0.179,4.378,22.0,1380.3,56.0,0,0.9621
PMSM_0016,310.0,5.53,0.3,118,6.35,27.04,0.068,45.0,1.897,1.56,Aluminum,6.935,1.177,10.905,7.4671,208.99,61.58,6.952,66.34,61.0,1406.11,53.9,0.0748,0.0,22.0,7072.2,57.8,0,0.9032
PMSM_0017,382.5,12.53,0.5,45,5.58,23.58,0.074,74.9,4.272,7.58,Steel,12.477,1.364,14.596,8.5033,239.91,171.13,10.077,216.58,169.57,1207.81,84.5,0.2102,4.478,22.0,950.6,49.7,0,0.9216
PMSM_0018,514.9,21.21,1.12,100,4.24,22.69,0.077,51.6,3.829,6.29,Aluminum,21.408,1.108,24.668,6.3531,2038.18,206.46,10.881,230.02,207.37,2406.04,56.2,0.0456,2.21,82.0,444.3,53.8,0,0.9196
PMSM_0019,459.2,24.75,0.5,59,4.04,19.4,0.078,39.0,4.439,5.11,Aluminum,24.376,1.757,25.729,16.2155,607.74,213.45,16.666,236.74,214.38,1645.65,44.8,0.0956,0.0,22.0,1251.8,54.2,0,1.0
PMSM_0020,374.7,8.01,1.12,117,4.22,28.98,0.051,33.7,1.761,6.8,Composite,8.099,1.536,10.754,2.5416,900.37,69.1,7.196,81.11,69.08,1294.41,37.8,0.0348,0.0,80.77,484.4,65.5,0,0.948
PMSM_0021,567.1,16.88,0.3,41,5.71,20.96,0.079,40.6,4.388,1.56,Steel,17.113,1.549,21.113,19.2069,180.26,260.59,10.237,291.43,251.08,1130.39,45.8,0.1248,0.0,22.0,2654.4,54.5,0,1.0
PMSM_0022,283.7,12.62,0.71,112,5.31,16.31,0.065,41.7,2.396,4.34,Composite,12.715,0.814,16.489,5.9656,859.78,71.17,8.175,87.19,71.14,1685.8,46.7,0.0436,0.0,47.66,1211.8,66.5,0,0.8693
PMSM_0023,375.3,24.4,0.5,76,3.65,24.26,0.03,25.6,2.086,5.41,Aluminum,23.888,1.168,28.851,15.7714,773.96,81.97,8.325,95.21,79.26,996.02,34.4,0.1137,0.0,22.0,1677.7,57.7,0,0.9513
PMSM_0024,419.8,21.84,0.71,59,3.61,16.71,0.049,41.6,0.986,6.8,Aluminum,21.946,1.08,24.057,9.9483,782.21,43.36,2.008,51.37,41.74,365.63,50.9,0.1552,0.0,39.52,607.5,60.6,1,0.9542
PMSM_0025,473.6,21.77,1.12,65,3.34,20.18,0.063,46.6,0.995,6.48,Composite,22.498,0.798,25.49,6.5585,1390.22,49.36,4.644,59.79,51.5,406.46,60.9,0.2164,0.348,82.0,279.0,44.8,1,0.9457
PMSM_0026,671.1,14.37,0.5,68,5.31,22.61,0.035,60.3,3.36,2.94,Composite,14.598,1.344,16.916,9.6087,420.3,236.17,15.267,262.39,238.64,1435.77,64.8,0.0658,3.469,22.0,1503.7,50.4,1,0.9254
PMSM_0027,319.8,13.3,1.0,40,5.68,28.11,0.058,56.8,2.494,7.59,Composite,13.777,0.985,16.54,4.6139,468.64,83.53,5.531,91.61,84.87,626.9,67.1,0.2522,1.574,22.0,210.0,60.1,0,0.9354
PMSM_0028,508.5,10.47,0.71,74,3.93,22.4,0.06,59.6,1.638,1.87,Steel,10.35,1.462,14.777,4.79,457.58,87.24,8.767,114.64,86.38,761.66,72.2,0.1683,3.593,26.36,820.1,51.1,0,0.9716
PMSM_0029,555.4,6.13,0.5,109,3.07,25.53,0.03,22.4,3.072,7.13,Aluminum,6.502,0.772,10.239,4.4726,304.57,178.67,20.842,210.85,185.98,2103.7,31.7,0.0844,0.0,26.12,2361.4,76.5,0,0.8412
PMSM_0030,227.9,22.29,0.71,98,3.29,29.89,0.054,33.5,1.736,7.8,Composite,22.434,1.888,26.964,10.4098,1327.7,41.42,1.715,48.61,41.99,1068.68,38.9,0.0537,0.0,36.22,1057.5,49.1,0,1.0
PMSM_0031,564.5,21.26,0.5,108,6.39,16.97,0.066,57.1,2.937,2.24,Aluminum,20.783,0.841,22.597,13.8436,956.37,173.64,11.783,184.18,178.31,1993.16,62.5,0.0497,4.345,22.0,2320.5,49.9,0,0.996
PMSM_0032,302.3,24.99,0.3,72,4.03,19.12,0.05,47.7,2.129,6.05,Steel,25.154,1.288,29.647,28.1853,458.66,67.4,4.94,80.84,66.52,963.17,50.2,0.0344,0.636,22.0,4729.4,41.3,0,0.9661
PMSM_0033,239.0,24.93,0.71,90,5.69,20.92,0.021,22.3,3.847,1.28,Steel,24.437,1.517,25.676,11.5411,1329.78,96.3,6.15,117.12,100.73,2175.51,28.3,0.0656,0.0,40.32,982.1,65.3,0,1.0
PMSM_0034,769.3,16.11,1.0,117,5.19,21.33,0.021,64.6,3.837,3.84,Steel,15.792,0.972,20.347,5.2521,1575.0,309.09,19.376,376.36,319.0,2820.39,76.3,0.099,7.659,73.55,616.7,47.0,0,0.8915
PMSM_0035,779.4,20.38,1.0,51,4.34,21.17,0.041,63.0,2.566,4.61,Steel,20.474,1.541,22.791,6.7044,884.92,209.44,7.269,264.34,216.86,822.32,65.6,0.0503,3.053,39.26,289.9,40.3,0,0.9347
PMSM_0036,685.0,23.9,1.12,59,3.72,28.61,0.076,51.1,2.098,5.06,Aluminum,24.044,0.708,26.302,7.0293,1352.04,150.51,13.801,166.05,145.57,777.76,55.9,0.0808,1.193,58.54,246.2,52.8,0,0.9627
PMSM_0037,382.8,21.99,0.5,92,3.42,25.71,0.034,25.5,2.141,7.55,Steel,21.398,1.781,24.447,14.0954,836.68,85.84,5.945,96.62,83.87,1237.88,36.7,0.1202,0.0,22.0,2042.4,62.3,0,1.0
PMSM_0038,258.6,9.95,0.71,82,5.15,24.12,0.058,62.6,3.781,5.71,Steel,10.474,1.206,15.237,4.8091,515.24,102.4,4.867,132.42,100.2,1948.12,74.8,0.1467,4.818,22.0,825.1,45.5,1,0.9463
PMSM_0039,610.5,14.01,1.12,89,5.71,19.64,0.033,52.9,2.014,4.37,Composite,14.297,0.961,15.488,4.4062,1212.33,128.78,13.322,171.82,125.83,1126.38,60.9,0.088,2.355,69.69,369.8,60.9,0,0.9772
PMSM_0040,464.1,7.58,0.71,68,5.25,27.36,0.039,63.4,1.574,6.67,Steel,7.231,1.08,9.64,3.3504,298.41,76.47,7.818,83.41,79.19,672.3,74.5,0.1605,4.181,22.0,767.8,56.8,0,0.8972
PMSM_0041,273.2,24.08,0.5,96,4.86,29.33,0.071,61.8,1.113,7.65,Composite,23.312,1.524,27.739,15.2715,949.94,31.85,2.35,38.2,30.36,671.55,68.9,0.0726,5.39,22.0,2176.0,48.9,1,0.9863
PMSM_0042,497.1,17.12,1.0,78,3.15,27.32,0.064,64.6,2.527,1.15,Steel,17.051,0.966,19.635,6.0373,1132.82,131.54,7.479,146.56,125.96,1238.34,68.6,0.0516,5.085,67.06,432.3,56.6,0,1.0
PMSM_0043,220.6,9.57,0.3,95,6.39,15.02,0.026,49.5,2.584,7.88,Steel,9.35,0.9,11.147,10.4528,223.17,59.7,5.219,63.76,58.35,1542.33,56.6,0.0747,1.411,22.0,5782.9,63.7,0,0.9997
PMSM_0044,745.6,18.43,1.0,82,5.8,24.55,0.046,29.4,3.911,1.6,Composite,18.491,1.111,21.19,5.8821,1285.8,305.39,17.082,350.48,296.23,2015.22,39.0,0.1149,0.0,41.14,445.9,64.4,1,0.961
PMSM_0045,355.3,17.36,1.12,89,4.02,15.77,0.022,57.6,1.619,6.7,Steel,17.181,0.729,19.723,5.025,1455.99,60.22,3.086,65.82,58.6,905.12,71.9,0.1592,3.729,82.0,367.4,44.6,0,1.0
PMSM_0046,597.5,12.16,0.3,62,6.43,18.86,0.049,54.9,2.21,2.96,Aluminum,11.16,1.928,15.821,12.4217,176.48,138.26,13.238,174.62,142.38,860.79,57.8,0.0459,2.043,22.0,3682.5,61.4,1,0.9556
PMSM_0047,387.0,7.27,1.12,83,5.11,15.89,0.06,61.3,3.791,1.93,Aluminum,7.077,0.973,11.125,2.4472,557.76,153.65,5.167,185.94,154.62,1977.08,69.9,0.1023,4.521,82.0,364.1,62.9,0,0.9722
PMSM_0048,512.0,18.43,0.5,77,5.04,24.06,0.027,31.0,3.847,4.08,Steel,18.279,1.533,21.299,11.9641,599.79,206.3,7.949,225.52,196.11,1861.4,37.3,0.0805,0.0,22.0,1766.9,66.9,1,1.0
PMSM_0049,528.0,15.41,0.3,62,5.62,25.3,0.037,32.3,2.223,5.51,Aluminum,15.723,1.284,20.676,17.6652,249.64,122.92,3.763,129.41,122.05,866.01,40.9,0.1366,0.0,22.0,3843.8,60.1,0,1.0
PMSM_0050,310.9,20.45,1.12,84,5.84,16.72,0.044,69.2,2.499,3.67,Composite,20.097,0.806,22.958,6.2612,1608.85,81.36,3.561,105.15,80.61,1318.81,71.5,0.0272,6.774,76.08,342.6,49.0,1,0.9715
PMSM_0051,781.8,15.4,0.5,91,5.3,20.76,0.075,61.7,1.922,1.38,Steel,16.243,1.198,17.476,10.7027,627.94,157.36,5.698,173.54,151.28,1099.03,67.8,0.066,5.08,22.0,2029.4,49.9,1,0.9994
PMSM_0052,665.1,22.04,1.0,119,3.45,21.84,0.08,70.1,4.25,5.2,Steel,21.088,1.514,23.137,6.9738,2134.24,296.03,35.412,364.67,301.25,3178.06,82.8,0.1055,9.971,82.0,644.9,38.8,1,0.9301
PMSM_0053,763.7,16.04,0.5,89,4.18,20.54,0.023,62.2,1.239,7.32,Composite,16.694,1.125,19.438,10.9219,630.55,99.09,5.548,114.06,101.09,692.84,71.4,0.1022,5.106,22.0,1906.4,49.2,0,0.9173
PMSM_0054,736.9,16.22,0.71,47,6.25,16.82,0.066,53.6,4.255,3.68,Composite,16.107,1.677,17.734,7.5211,460.96,328.34,14.261,402.43,335.59,1256.51,61.5,0.1637,1.355,22.0,525.7,54.0,0,0.9384
PMSM_0055,558.7,22.53,0.5,40,3.79,21.28,0.042,56.7,3.33,2.51,Composite,22.963,1.609,27.753,15.3013,388.74,194.86,10.072,223.06,199.31,837.0,62.4,0.1393,1.556,22.0,917.0,52.6,0,0.9579
PMSM_0056,753.1,13.07,0.5,47,4.3,26.27,0.044,69.1,2.767,4.1,Steel,13.11,1.568,17.177,8.8716,266.07,218.21,24.931,234.81,207.3,817.07,75.0,0.1224,3.779,22.0,1073.3,52.4,1,0.8521
PMSM_0057,253.1,7.68,0.71,68,4.51,16.07,0.065,52.7,0.921,1.34,Composite,8.25,1.016,10.323,4.0913,338.64,24.41,1.875,27.26,25.51,393.43,59.7,0.1012,1.74,28.06,731.3,62.1,0,0.9856
PMSM_0058,317.6,5.58,1.12,44,4.54,16.2,0.075,55.5,2.56,6.74,Composite,5.382,0.768,8.745,1.4522,222.69,85.13,5.349,94.19,87.81,707.66,68.4,0.2858,1.542,54.58,218.9,54.3,1,0.792
PMSM_0059,227.1,20.1,1.12,86,5.15,20.32,0.077,30.3,2.309,6.78,Aluminum,19.553,0.955,23.439,5.426,1603.61,54.91,5.964,64.71,57.13,1247.5,44.9,0.1675,0.0,75.91,382.3,51.9,0,1.0
PMSM_0060,395.2,17.41,0.5,73,6.3,29.13,0.055,47.1,1.397,5.12,Aluminum,18.116,1.278,22.882,12.0734,562.31,57.79,3.788,72.1,55.0,640.54,54.8,0.1041,0.515,22.0,1669.9,49.7,0,1.0
PMSM_0061,433.2,19.08,0.71,104,3.84,25.03,0.041,60.0,3.229,3.47,Steel,19.025,1.418,23.551,8.9906,1195.78,146.47,8.81,165.39,152.83,2109.81,67.1,0.0677,5.189,43.31,1113.8,56.7,0,0.9492
PMSM_0062,362.8,9.26,0.71,94,3.43,25.18,0.067,36.4,4.393,6.6,Aluminum,9.37,0.331,12.431,4.449,534.0,166.91,8.121,175.86,172.09,2594.74,49.4,0.1369,0.0,41.23,1018.7,70.3,0,0.9733
PMSM_0063,697.2,7.73,1.0,82,3.69,20.43,0.035,32.7,2.88,4.88,Aluminum,8.345,1.197,12.443,2.7163,582.31,210.29,13.459,253.54,217.38,1483.89,40.3,0.091,0.0,73.1,459.8,71.1,0,0.9548
PMSM_0064,414.1,5.29,1.12,113,6.1,23.9,0.054,38.6,3.445,6.78,Composite,4.775,1.263,8.023,1.4461,512.48,149.36,8.738,183.97,143.28,2445.66,47.8,0.0805,0.0,65.88,481.6,70.5,1,0.8755
PMSM_0065,368.6,12.01,0.3,69,5.26,15.15,0.042,34.8,1.053,5.42,Composite,12.309,1.089,15.52,13.9803,218.54,40.65,3.698,54.43,41.62,456.63,39.8,0.0715,0.0,22.0,4356.9,58.2,0,0.9613
PMSM_0066,525.6,16.8,1.12,56,4.0,24.54,0.059,33.4,2.345,6.49,Aluminum,16.503,1.717,17.962,4.9881,879.83,129.1,7.237,158.38,135.03,825.24,45.1,0.2047,0.0,55.14,259.0,62.0,0,0.9402
PMSM_0067,284.6,12.84,1.12,65,5.86,28.7,0.034,44.5,1.231,5.19,Aluminum,12.779,1.369,14.283,3.7285,792.12,36.67,3.005,43.68,37.32,502.56,53.4,0.1351,0.0,35.41,284.4,62.9,0,0.94
PMSM_0068,681.3,13.75,1.0,47,6.01,24.19,0.031,70.1,3.067,3.9,Aluminum,13.786,1.724,16.904,4.4952,546.43,218.85,7.863,267.44,220.39,905.82,82.6,0.2608,3.935,25.17,269.1,49.9,1,0.9513
PMSM_0069,244.7,23.08,0.3,86,5.96,28.11,0.075,48.9,4.272,7.71,Steel,22.333,1.114,24.409,24.7805,490.66,109.49,5.17,145.45,114.37,2308.6,61.0,0.1396,1.111,22.0,5335.5,45.3,0,0.9029
PMSM_0070,792.1,11.97,1.0,115,6.22,25.86,0.026,32.0,3.249,4.79,Steel,11.576,1.575,12.66,4.1859,1130.25,269.48,17.965,349.92,267.94,2347.31,36.8,0.0413,0.0,52.24,616.6,62.5,0,0.9458
PMSM_0071,663.3,15.28,0.3,111,3.88,16.81,0.05,26.1,1.084,5.24,Steel,15.955,1.854,19.847,17.6915,454.92,75.31,8.61,86.38,76.06,756.14,37.4,0.1009,0.0,22.0,6886.4,60.4,0,0.9454
PMSM_0072,319.2,20.67,0.5,85,5.64,28.54,0.033,58.9,2.112,2.54,Aluminum,21.116,1.725,22.246,14.0735,764.07,70.61,4.516,79.17,70.45,1128.1,71.3,0.1442,3.937,22.0,1986.5,42.7,1,0.9619
PMSM_0073,203.3,12.93,0.3,107,4.61,16.0,0.022,42.3,2.837,5.38,Aluminum,12.9,0.763,16.281,14.2364,352.44,60.41,5.423,68.19,63.03,1907.62,48.8,0.0602,0.0,22.0,6534.3,62.6,0,0.9505
PMSM_0074,689.3,17.44,1.0,72,5.95,23.01,0.022,65.6,2.292,5.0,Steel,17.563,1.099,20.72,6.0742,1075.85,165.43,8.761,198.73,158.42,1036.82,69.8,0.0581,4.934,33.98,421.1,46.4,0,1.0
PMSM_0075,624.1,22.25,1.12,40,5.55,17.13,0.031,57.0,3.884,2.29,Steel,22.1,1.062,26.975,6.9694,839.58,253.88,10.519,323.24,253.91,976.28,59.0,0.0496,1.594,42.59,157.1,41.8,1,0.9571
PMSM_0076,637.4,23.99,0.3,58,5.72,15.18,0.072,64.2,3.814,1.42,Aluminum,24.669,1.396,27.606,27.4998,368.1,254.6,8.979,305.76,259.36,1390.02,72.1,0.1332,3.712,22.0,3663.6,41.8,1,0.9807
PMSM_0077,662.8,7.94,0.3,70,5.3,21.33,0.037,36.4,3.064,5.23,Composite,7.841,1.475,9.096,8.7291,143.95,212.64,12.224,227.6,218.85,1347.52,43.0,0.0927,0.0,22.0,4309.8,70.2,0,0.9923
PMSM_0078,244.4,23.53,0.71,119,3.62,19.43,0.077,58.7,2.182,6.35,Steel,23.648,0.864,26.854,11.1096,1699.08,55.85,2.468,70.76,56.31,1631.33,67.9,0.0768,5.432,63.85,1283.8,48.0,0,0.9724
PMSM_0079,415.1,14.84,1.12,53,4.91,22.29,0.055,36.0,1.745,4.66,Aluminum,15.415,1.227,19.78,4.111,780.98,75.84,3.463,97.97,78.94,581.02,40.4,0.0823,0.0,42.3,233.4,63.9,0,0.9736
PMSM_0080,269.5,10.16,0.5,92,6.45,23.66,0.046,71.8,1.192,2.59,Aluminum,9.776,0.392,14.764,6.6665,381.11,33.64,3.312,38.24,35.12,688.89,84.9,0.1417,8.21,22.0,1864.4,47.3,0,0.9564
PMSM_0081,717.9,14.18,1.0,87,6.28,15.66,0.055,55.7,2.113,5.67,Composite,14.962,1.777,17.683,5.0142,1104.85,158.85,4.992,198.44,151.93,1155.11,61.1,0.0608,3.111,58.47,474.6,50.3,1,1.0
PMSM_0082,574.0,24.6,0.5,108,3.15,16.85,0.051,39.2,2.329,1.56,Aluminum,23.835,0.995,26.117,15.9759,1094.13,139.97,11.226,164.89,138.61,1580.24,44.1,0.0454,0.0,34.09,2411.7,61.4,1,0.9563
PMSM_0083,398.5,14.85,1.12,101,3.58,23.38,0.066,36.3,3.301,4.09,Aluminum,15.667,1.222,20.294,4.5206,1507.3,137.75,8.837,181.38,131.18,2094.53,44.5,0.0809,0.0,82.0,469.4,60.1,0,1.0
PMSM_0084,238.1,11.58,0.3,105,3.46,20.15,0.037,32.1,3.235,2.14,Steel,11.389,1.076,13.154,12.5772,304.14,80.68,6.098,105.17,79.3,2134.37,40.6,0.08,0.0,22.0,6288.2,64.1,0,0.9474
PMSM_0085,386.6,17.67,0.3,103,5.54,25.94,0.041,58.8,1.059,2.29,Steel,17.547,1.658,21.008,19.4141,461.94,42.89,3.459,51.79,43.05,685.61,63.6,0.0461,4.743,22.0,6095.3,57.8,0,0.9102
PMSM_0086,395.1,9.8,1.12,109,5.86,24.78,0.074,33.6,2.262,2.42,Composite,8.858,0.065,11.481,2.8406,919.78,93.61,5.448,117.71,97.46,1549.48,39.1,0.0503,0.0,66.21,468.7,77.7,0,1.0
PMSM_0087,637.8,6.52,0.3,102,3.75,27.68,0.077,53.6,1.473,3.71,Composite,6.29,1.193,7.454,6.913,161.6,98.35,5.563,129.33,101.76,943.76,57.8,0.0408,2.907,22.0,6477.1,68.6,0,0.9145
PMSM_0088,582.5,7.58,0.3,112,4.77,25.39,0.074,36.0,1.38,1.36,Aluminum,7.058,1.158,9.447,8.2584,202.61,84.2,8.083,100.93,81.06,971.27,47.4,0.1004,0.0,22.0,6967.0,68.4,0,0.9576
PMSM_0089,732.3,7.56,0.3,72,5.94,21.45,0.045,57.1,3.861,3.78,Steel,7.257,1.019,9.318,8.1496,134.97,296.1,32.101,338.73,284.05,1746.68,69.1,0.1645,2.9,22.0,4324.5,64.6,0,0.7915
PMSM_0090,483.3,8.04,1.0,80,5.56,25.09,0.067,65.2,0.955,4.58,Composite,7.969,1.89,11.714,2.4013,542.26,48.34,2.288,61.69,48.77,480.08,73.2,0.0989,5.384,33.16,449.4,49.1,0,0.9147
PMSM_0091,271.8,7.78,1.0,87,4.9,19.13,0.049,63.2,2.351,4.38,Composite,8.255,0.845,13.051,2.7261,612.8,66.9,2.595,74.67,67.12,1285.13,74.5,0.1282,5.288,67.75,508.4,55.2,1,0.9321
PMSM_0092,627.9,17.82,0.71,52,5.07,19.59,0.05,62.3,1.422,3.68,Composite,17.921,1.509,19.993,8.2834,559.97,93.53,10.363,109.11,91.35,464.72,73.9,0.2182,3.003,23.05,589.8,44.5,0,0.8885
PMSM_0093,656.5,8.64,0.5,112,4.78,26.83,0.032,31.9,4.054,6.87,Aluminum,8.791,1.343,13.037,5.4221,419.41,278.66,17.135,364.97,289.79,2852.53,35.7,0.0336,0.0,22.0,2396.5,71.1,0,0.9125
PMSM_0094,536.8,11.91,1.12,116,4.04,21.7,0.055,26.7,2.861,2.02,Steel,11.366,1.705,12.587,3.7025,1252.78,160.82,12.804,203.81,167.69,2085.27,41.2,0.1244,0.0,82.0,502.3,70.6,1,0.9042
PMSM_0095,662.6,22.94,1.12,70,4.98,26.98,0.031,59.0,1.656,4.54,Composite,22.495,0.933,25.648,6.8357,1496.86,114.91,7.166,134.58,113.79,728.39,71.7,0.1785,3.277,49.92,302.3,49.7,0,0.9638
PMSM_0096,496.3,14.48,1.12,114,5.41,27.34,0.04,41.5,2.659,1.43,Steel,15.379,0.907,16.661,4.6836,1667.75,138.19,5.71,154.0,143.58,1904.58,46.2,0.0405,0.0,61.72,470.9,66.7,0,0.9037
PMSM_0097,513.6,18.35,0.71,107,6.06,27.86,0.071,44.9,3.506,1.5,Composite,17.984,1.638,22.72,8.4761,1159.39,188.61,15.662,218.18,186.42,2357.42,49.3,0.0409,0.0,25.63,1182.1,56.2,0,0.9698
PMSM_0098,456.5,8.45,1.0,43,5.23,28.75,0.032,23.7,4.345,5.02,Composite,9.275,1.37,13.34,2.8151,337.89,207.72,16.049,235.81,212.64,1173.93,27.3,0.0826,0.0,22.0,239.1,73.2,0,1.0
PMSM_0099,215.3,8.85,0.71,58,5.66,21.46,0.024,35.8,1.616,4.96,Steel,8.724,0.582,12.356,3.9992,304.95,36.42,1.758,40.16,36.33,588.78,39.6,0.0644,0.0,22.0,633.4,69.0,0,0.9812
PMSM_0100,264.7,5.82,1.12,109,3.56,19.78,0.024,23.8,4.079,7.15,Steel,5.819,0.984,10.114,1.9001,605.45,113.08,7.991,143.95,108.81,2793.49,35.5,0.1066,0.0,82.0,492.1,75.6,0,0.9702
PMSM_0101,218.9,8.38,0.5,52,4.62,23.73,0.076,68.6,4.257,4.91,Steel,8.914,1.355,12.504,5.7323,196.35,97.56,9.925,109.82,101.74,1390.85,76.7,0.1529,4.09,22.0,1080.0,57.1,0,0.9811
PMSM_0102,581.8,10.57,0.3,62,3.03,20.57,0.05,34.9,4.191,7.72,Aluminum,11.208,1.535,16.084,11.9467,174.02,255.35,21.229,302.9,254.17,1632.54,47.1,0.1933,0.0,22.0,3727.8,66.0,0,0.9944
PMSM_0103,388.6,8.54,1.0,114,3.86,24.02,0.045,51.5,3.151,1.34,Composite,8.485,0.928,12.341,2.7828,824.46,128.23,4.966,149.49,131.24,2257.03,63.2,0.1018,2.485,81.78,618.9,62.4,1,1.0
PMSM_0104,505.1,6.77,1.0,40,5.54,25.58,0.069,24.1,3.13,1.69,Aluminum,6.58,0.034,11.279,2.165,222.04,165.59,13.135,222.66,163.39,786.74,33.9,0.2405,0.0,22.0,225.9,63.5,0,0.9456
PMSM_0105,744.5,7.41,0.71,93,6.47,25.33,0.07,57.3,2.292,1.31,Steel,7.385,1.409,10.453,3.4941,414.36,178.69,16.663,208.59,170.1,1339.23,68.3,0.1162,3.826,22.0,1020.1,59.6,0,0.8824
PMSM_0106,349.6,14.22,1.0,110,3.35,20.62,0.04,39.1,3.584,2.3,Composite,14.385,0.712,15.853,4.9406,1345.85,131.2,13.296,140.9,125.96,2476.99,41.4,0.0202,0.0,82.0,615.2,73.8,0,1.0
PMSM_0107,446.2,9.13,1.12,54,4.41,17.5,0.062,69.6,2.766,4.79,Aluminum,9.572,0.393,12.685,2.9764,492.49,129.24,11.195,139.19,129.19,938.41,75.6,0.1101,4.426,60.29,254.8,49.7,1,1.0
PMSM_0108,653.3,12.29,1.12,104,5.8,21.46,0.066,69.1,3.307,5.52,Composite,12.288,0.067,13.795,3.7088,1218.75,226.22,9.895,277.62,230.52,2160.65,79.4,0.098,8.344,70.45,459.5,55.7,0,1.0
PMSM_0109,337.3,15.07,0.71,115,3.71,17.14,0.059,39.2,2.385,1.32,Aluminum,15.378,1.526,18.748,7.4587,1068.21,84.25,7.912,103.61,82.86,1723.53,41.4,0.0183,0.0,66.82,1268.6,54.5,0,1.0
PMSM_0110,246.2,18.81,1.12,110,4.94,28.35,0.029,69.8,3.507,7.62,Steel,19.627,1.251,22.557,5.5376,2053.62,90.4,8.223,106.28,92.17,2423.54,72.2,0.0219,9.075,74.13,481.2,53.6,0,0.9622
PMSM_0111,373.9,5.79,0.5,54,5.57,20.19,0.073,74.8,3.851,6.9,Aluminum,5.977,1.11,9.467,4.0855,141.53,150.75,4.854,177.81,153.74,1306.46,87.9,0.2377,5.363,22.0,1111.2,49.9,1,0.9473
PMSM_0112,296.7,20.99,0.71,60,5.16,17.32,0.052,65.7,1.342,3.08,Composite,21.144,1.756,22.184,10.0521,766.01,41.7,2.796,44.45,42.55,505.85,76.6,0.1786,4.149,30.56,654.4,44.5,1,0.9037
PMSM_0113,757.8,17.56,0.5,58,3.66,15.38,0.037,66.8,3.882,1.54,Composite,16.799,1.455,18.578,10.9511,413.79,308.06,18.473,371.2,307.83,1414.64,72.2,0.0924,4.21,23.95,1280.0,45.8,1,1.0
PMSM_0114,684.9,6.64,0.3,99,4.24,24.69,0.046,35.2,2.799,2.19,Composite,5.32,1.847,8.285,5.6103,136.23,200.75,18.117,241.19,209.08,1741.14,46.1,0.1094,0.0,22.0,6677.1,70.5,0,0.8555
PMSM_0115,580.0,22.47,0.5,72,5.74,24.55,0.022,52.6,3.925,1.89,Composite,22.666,0.643,27.468,14.9613,694.07,238.43,11.791,261.05,238.17,1775.75,64.9,0.1685,1.816,22.0,1573.0,45.4,1,0.9578
PMSM_0116,722.9,23.42,0.3,88,4.94,20.11,0.028,25.6,2.396,1.86,Steel,23.37,1.186,25.904,25.8344,525.22,181.36,15.085,196.08,180.46,1324.7,31.6,0.0673,0.0,22.0,5446.6,61.6,0,0.9474
PMSM_0117,682.2,6.22,0.3,74,3.02,16.08,0.066,27.0,2.202,4.63,Aluminum,5.964,0.553,8.662,6.7775,117.53,157.34,17.652,171.04,152.61,1024.04,29.5,0.0329,0.0,22.0,4544.2,82.3,0,0.9158
PMSM_0118,311.9,10.54,0.5,83,5.66,21.14,0.02,74.9,4.186,2.72,Steel,10.659,1.108,14.518,6.9833,375.46,136.73,13.92,147.71,134.1,2182.87,89.1,0.1682,8.284,22.0,1741.9,47.3,1,0.9036
PMSM_0119,735.5,21.12,0.71,50,3.12,19.67,0.045,39.3,1.729,3.51,Steel,21.094,1.101,24.509,9.7319,635.87,133.2,15.043,164.23,127.11,543.28,45.8,0.1272,0.0,36.9,570.9,54.9,1,0.9292
PMSM_0120,523.6,19.97,1.12,111,5.61,25.16,0.051,61.7,3.924,7.93,Steel,20.529,1.451,22.725,5.9875,2169.58,215.14,25.4,238.58,218.01,2736.44,65.0,0.0302,6.162,72.64,501.7,45.1,0,0.8854
PMSM_0121,684.5,8.69,1.12,117,3.71,24.09,0.023,64.8,2.591,5.79,Composite,8.733,1.218,11.377,2.823,974.91,185.71,5.75,209.0,181.04,1904.64,73.1,0.0711,7.704,82.0,529.6,56.6,0,0.9091
PMSM_0122,737.7,9.19,0.3,113,6.35,20.47,0.078,67.5,2.702,7.64,Composite,8.814,1.449,10.684,9.7954,250.95,208.73,17.961,230.04,204.65,1918.53,79.5,0.1052,8.466,22.0,6659.2,48.3,1,1.0
PMSM_0123,390.8,12.41,0.3,105,4.29,18.27,0.034,74.9,1.941,2.0,Composite,12.905,1.481,17.769,14.3025,341.59,79.45,5.335,106.25,81.6,1280.76,79.8,0.0461,10.456,22.0,6781.6,47.5,0,0.9866
PMSM_0124,266.0,14.69,0.71,85,4.14,29.82,0.038,34.8,2.92,3.67,Aluminum,14.582,2.062,16.104,6.824,746.84,81.35,8.736,106.28,79.95,1559.62,40.3,0.064,0.0,28.48,876.0,59.9,0,0.9792
PMSM_0125,336.8,17.37,1.0,48,3.52,21.81,0.038,24.1,2.003,4.88,Composite,17.628,1.074,20.116,6.1345,715.97,70.65,3.72,79.06,68.83,604.18,29.3,0.1052,0.0,48.38,270.4,66.8,0,1.0
PMSM_0126,456.3,12.38,0.5,42,4.07,25.32,0.034,43.8,0.945,1.54,Aluminum,12.14,0.824,13.243,7.9432,215.84,45.17,5.343,51.86,43.67,249.46,58.7,0.3463,0.0,22.0,1005.7,65.0,0,1.0
PMSM_0127,690.8,14.25,0.3,65,6.07,17.11,0.02,28.9,1.806,1.03,Composite,13.926,1.298,15.813,15.7362,231.82,130.68,11.138,145.44,134.27,737.74,33.5,0.0692,0.0,22.0,3817.6,67.4,0,0.863
PMSM_0128,716.4,19.95,1.12,111,6.49,22.28,0.064,23.2,0.824,5.69,Composite,19.992,0.879,24.113,5.992,2110.76,61.79,6.267,74.0,59.5,574.41,32.7,0.0847,0.0,74.1,476.0,59.5,0,0.9008
PMSM_0129,204.2,5.73,0.71,87,4.29,15.41,0.078,41.1,4.42,5.49,Steel,5.74,1.793,7.545,2.6628,298.53,94.5,3.563,99.78,94.06,2416.09,55.1,0.1594,0.0,50.81,973.3,66.2,0,0.8506
PMSM_0130,506.4,10.05,0.5,105,4.57,22.58,0.033,63.5,4.373,3.88,Steel,10.289,1.087,11.609,7.3593,459.27,231.94,10.788,290.25,232.1,2885.19,67.4,0.0369,6.488,22.0,2265.1,57.0,0,0.9337
PMSM_0131,450.4,19.27,0.71,109,5.53,29.46,0.06,52.0,2.262,4.43,Steel,19.133,0.974,22.03,8.7713,1260.3,106.7,10.484,128.79,108.7,1549.22,66.6,0.1329,2.546,28.19,1116.3,57.2,0,0.9434
PMSM_0132,333.3,22.9,0.5,67,6.1,20.76,0.065,38.6,3.495,3.91,Aluminum,21.986,1.011,23.026,14.5866,622.66,121.97,3.901,160.95,123.6,1471.29,52.9,0.2105,0.0,22.0,1479.1,47.5,0,0.9469
PMSM_0133,271.9,15.23,0.5,65,5.08,15.58,0.071,56.7,2.079,1.17,Aluminum,15.017,1.487,16.356,9.765,416.49,59.21,6.13,65.09,61.05,849.28,70.2,0.2045,2.531,22.0,1370.2,58.5,0,0.9503
PMSM_0134,402.6,15.64,0.3,64,4.37,15.46,0.045,34.3,3.283,3.35,Composite,16.039,1.137,20.27,18.0118,263.39,138.4,4.326,178.71,132.1,1320.19,39.1,0.0737,0.0,22.0,3988.1,73.7,1,0.9706
PMSM_0135,765.7,7.14,0.71,51,4.44,20.82,0.038,22.8,3.78,2.24,Aluminum,6.995,0.943,11.081,3.6218,217.2,303.12,27.02,390.29,296.95,1211.3,33.0,0.197,0.0,22.0,554.0,76.7,0,0.8957
PMSM_0136,393.9,13.95,0.71,44,5.43,17.4,0.04,62.5,4.303,1.69,Composite,13.825,1.866,18.486,6.8246,369.55,177.5,11.158,193.15,173.6,1189.61,74.4,0.2643,2.568,22.0,510.2,53.3,1,0.8249
PMSM_0137,511.3,15.65,1.12,87,3.01,15.35,0.063,55.1,2.281,7.7,Aluminum,16.146,0.858,20.564,5.05,1341.64,122.11,10.384,142.82,117.79,1246.76,69.9,0.1684,2.917,82.0,369.8,47.0,1,0.909
PMSM_0138,621.8,9.85,1.12,76,5.17,26.34,0.069,62.4,3.698,5.2,Aluminum,9.493,1.214,13.226,2.7859,686.16,240.81,22.309,265.14,235.74,1765.97,66.7,0.0564,4.409,49.46,329.2,55.4,1,0.9128
PMSM_0139,418.2,10.38,0.3,118,4.24,21.88,0.031,24.1,1.784,6.1,Aluminum,9.613,1.461,10.823,10.6086,289.49,78.12,4.752,88.0,76.64,1322.64,36.0,0.1005,0.0,22.0,7451.2,70.0,0,0.9249
PMSM_0140,783.1,12.55,0.3,83,5.78,19.34,0.042,66.4,4.464,3.21,Steel,12.465,0.547,16.597,13.5162,263.0,366.08,14.539,413.29,366.88,2328.12,72.8,0.0762,5.912,22.0,4826.0,58.8,1,0.9186
PMSM_0141,777.5,5.4,1.0,54,3.33,28.5,0.074,54.8,0.895,3.75,Aluminum,5.159,1.392,9.541,2.127,236.82,72.9,2.644,88.7,74.09,303.78,59.1,0.0779,1.77,29.99,322.3,62.9,0,0.8834
PMSM_0142,351.1,11.44,1.12,82,5.06,16.74,0.068,51.9,3.033,2.66,Steel,10.958,0.778,15.155,3.3552,858.53,111.51,9.256,130.84,110.18,1562.69,59.3,0.0901,1.875,79.75,378.6,58.9,0,0.901
PMSM_0143,498.3,9.23,0.5,87,4.68,29.34,0.079,55.1,3.24,1.68,Steel,9.141,1.529,12.175,5.9958,335.31,169.09,12.996,225.63,172.81,1771.2,67.4,0.14,2.93,22.0,1792.2,62.4,1,0.9212
PMSM_0144,380.5,11.55,0.71,109,5.25,19.71,0.065,67.8,3.346,2.25,Aluminum,11.796,0.815,13.727,5.8035,774.22,133.32,12.906,145.05,131.14,2291.41,75.9,0.0731,8.289,41.72,1198.9,53.5,1,0.9026
PMSM_0145,370.9,7.4,0.3,85,3.23,28.33,0.044,53.1,1.245,6.58,Composite,7.391,1.477,11.772,8.0172,162.95,48.37,3.67,64.92,47.36,665.15,62.1,0.1045,2.297,22.0,5271.7,59.8,0,0.8772
PMSM_0146,222.1,22.81,0.71,82,5.03,24.04,0.055,52.8,4.273,5.74,Composite,22.964,1.642,26.873,10.8626,1138.46,99.39,6.76,111.23,99.8,2201.31,67.7,0.18,2.129,30.89,923.3,47.4,0,0.8905
PMSM_0147,565.7,16.87,0.71,60,4.97,27.4,0.06,74.5,1.47,4.83,Composite,17.779,1.545,22.702,8.3122,643.04,87.11,5.734,111.66,82.96,554.32,81.7,0.1178,5.901,22.0,622.7,37.7,0,0.9472
PMSM_0148,501.6,18.58,1.0,62,4.96,29.76,0.025,62.1,3.104,4.33,Aluminum,18.411,1.301,20.033,6.2646,971.95,163.06,5.28,187.79,156.21,1209.26,72.1,0.1587,3.535,33.15,323.2,49.7,0,0.9211
PMSM_0149,230.9,20.78,1.12,119,5.11,19.33,0.053,45.4,1.624,7.46,Composite,20.923,1.107,22.825,6.2142,2370.96,39.26,2.364,42.91,38.94,1214.19,52.2,0.0562,0.175,82.0,533.0,46.2,0,1.0
PMSM_0150,367.2,14.97,0.3,86,5.37,29.42,0.063,59.5,1.937,1.51,Steel,14.714,0.969,16.561,16.059,325.68,74.47,8.776,97.36,77.77,1046.5,66.6,0.0817,4.154,22.0,5321.9,57.3,0,0.9729
PMSM_0151,745.0,6.74,0.71,54,5.82,20.84,0.03,42.6,2.822,2.96,Composite,6.315,1.788,10.485,2.98,205.96,220.14,23.912,251.55,225.02,957.45,53.7,0.2008,0.0,22.0,611.8,67.6,0,0.8798
PMSM_0152,343.7,15.74,0.3,64,3.94,20.78,0.067,34.1,2.344,3.45,Aluminum,15.45,0.92,17.197,17.3761,254.19,84.36,5.032,105.25,80.89,942.42,48.3,0.2183,0.0,22.0,3968.2,56.3,0,0.9194
PMSM_0153,286.9,16.74,0.5,75,5.89,20.11,0.055,53.6,1.393,6.48,Composite,16.497,0.785,17.764,10.9925,531.14,41.85,3.47,51.06,43.3,656.36,62.7,0.1191,2.158,22.0,1606.3,52.0,0,0.9822
PMSM_0154,493.7,19.91,1.0,114,4.74,23.12,0.077,71.2,1.432,7.95,Steel,20.089,1.466,25.083,6.8512,1947.77,74.05,7.869,88.24,75.77,1026.05,83.2,0.1043,9.954,78.24,633.3,43.1,1,0.9862
PMSM_0155,791.4,13.63,0.5,90,3.27,17.31,0.023,71.2,2.347,2.68,Aluminum,14.808,0.882,15.907,9.6627,566.49,194.52,13.561,233.18,196.68,1327.27,74.4,0.0347,7.873,25.59,2004.7,52.8,0,0.9736
PMSM_0156,345.2,7.55,0.3,54,3.2,23.31,0.036,40.1,3.602,7.12,Composite,7.194,0.82,11.535,7.9876,100.5,130.22,4.117,165.34,134.39,1222.11,44.9,0.0863,0.0,22.0,3236.1,70.5,0,1.0
PMSM_0157,603.3,10.68,0.3,107,4.17,23.13,0.056,50.0,4.122,6.81,Aluminum,10.467,0.623,12.929,11.5053,284.87,260.44,9.56,280.32,257.94,2771.54,58.5,0.079,1.772,22.0,7032.0,55.3,0,0.9938
PMSM_0158,657.0,12.26,1.12,60,5.75,26.43,0.038,33.2,1.111,2.57,Aluminum,12.23,1.007,16.597,3.7893,703.36,76.45,5.806,95.6,74.32,418.94,35.5,0.0371,0.0,33.99,268.3,64.9,0,1.0
PMSM_0159,342.6,17.92,0.71,52,5.48,27.5,0.063,74.8,2.254,3.8,Aluminum,18.116,1.167,21.335,8.5116,568.88,80.88,9.483,106.66,80.98,736.6,80.1,0.0998,5.16,22.0,540.7,44.9,1,0.9589
PMSM_0160,636.9,16.42,0.71,58,5.76,21.61,0.066,74.0,1.171,3.87,Composite,16.547,1.297,21.154,7.9067,578.66,78.1,7.215,83.36,78.48,426.71,82.7,0.1479,5.607,22.0,649.9,46.2,1,0.9844
PMSM_0161,420.7,12.12,0.5,73,4.81,19.53,0.026,56.4,0.861,7.85,Aluminum,12.764,1.581,17.469,8.7269,394.33,37.95,1.381,41.44,38.09,395.1,58.6,0.0297,2.78,22.0,1544.5,58.2,1,0.9143
PMSM_0162,579.4,24.73,1.0,117,4.54,18.89,0.051,64.6,3.248,2.27,Composite,23.517,1.411,24.554,7.9774,2340.97,197.09,9.271,249.31,198.37,2387.97,70.1,0.0461,7.657,82.0,664.2,42.0,1,0.9474
PMSM_0163,580.1,17.12,0.71,107,3.52,17.92,0.051,59.9,3.029,6.59,Steel,15.922,1.124,17.224,7.5298,1029.89,184.01,18.295,217.36,192.27,2036.44,68.6,0.0804,5.314,62.86,1222.4,51.1,0,0.9724
PMSM_0164,521.5,9.74,1.12,91,4.15,15.86,0.042,53.4,1.403,3.34,Composite,9.497,1.121,11.498,2.6267,821.71,76.62,8.101,89.73,79.71,802.29,62.9,0.1027,2.559,82.0,386.2,66.2,1,0.9554
PMSM_0165,254.2,7.04,0.5,66,4.52,20.14,0.076,24.8,1.665,6.12,Steel,7.584,1.404,11.262,5.0556,213.89,44.32,3.793,48.36,45.99,690.5,38.9,0.2095,0.0,22.0,1522.4,68.5,0,0.9423
PMSM_0166,701.2,8.06,0.5,68,3.31,19.05,0.07,46.1,0.888,3.94,Composite,7.274,1.709,11.827,4.743,207.21,65.18,5.736,78.35,67.15,379.28,56.5,0.1506,0.25,22.0,1521.8,58.5,0,0.9594
PMSM_0167,392.5,9.92,1.12,67,3.77,29.5,0.062,57.8,3.889,5.05,Aluminum,8.415,1.251,11.255,2.4358,537.13,159.85,5.203,173.91,166.94,1637.29,65.2,0.1087,2.851,56.19,303.6,56.4,0,0.8722
PMSM_0168,311.9,8.21,1.0,74,5.09,23.37,0.063,57.9,4.406,6.83,Composite,8.499,1.012,11.927,2.7582,535.51,143.93,15.05,171.7,138.15,2048.76,72.0,0.1879,3.184,38.81,438.2,59.1,0,0.8852
PMSM_0169,224.5,8.73,1.12,47,5.57,20.21,0.048,41.8,1.301,6.63,Aluminum,8.853,0.803,10.607,2.4389,399.54,30.59,3.087,39.12,29.87,384.26,54.0,0.2542,0.0,35.22,204.2,68.1,0,0.9514
PMSM_0170,554.5,10.7,1.0,55,6.49,23.71,0.075,71.9,1.656,7.06,Steel,10.157,0.622,14.377,2.9941,473.29,96.19,5.128,108.45,96.14,572.43,76.5,0.0821,4.933,22.0,293.6,57.8,0,0.9306
PMSM_0171,606.5,8.47,1.12,75,6.27,17.09,0.062,30.9,4.013,1.42,Composite,7.975,1.467,12.844,2.2398,566.84,254.9,23.905,304.41,263.73,1891.14,34.6,0.0487,0.0,54.95,317.4,66.8,0,1.0
PMSM_0172,210.0,22.94,1.12,69,5.25,21.66,0.064,48.5,4.228,5.84,Aluminum,22.45,1.431,24.525,6.7204,1472.93,92.96,4.586,125.27,93.0,1832.97,59.3,0.1541,0.809,64.02,292.9,46.1,1,0.9891
PMSM_0173,507.3,6.6,0.3,57,4.47,24.39,0.072,58.6,2.353,1.98,Steel,6.66,1.431,9.639,7.1303,94.13,124.97,4.203,156.96,128.07,842.57,67.9,0.16,2.587,22.0,3485.7,56.5,1,0.9169
PMSM_0174,335.9,15.49,0.5,41,5.23,22.33,0.036,58.9,0.987,3.91,Steel,15.177,1.149,16.522,10.1212,267.13,34.73,1.671,45.23,33.47,254.34,71.2,0.292,1.906,22.0,915.0,50.3,1,0.9273
PMSM_0175,587.1,13.21,1.12,88,5.75,21.03,0.068,56.4,0.946,4.84,Composite,13.455,1.763,16.692,4.3845,1130.3,58.15,2.679,68.29,56.71,522.92,68.0,0.1304,3.338,61.11,390.4,48.8,0,0.921
PMSM_0176,304.6,24.65,1.12,116,3.41,29.91,0.032,36.6,2.924,3.82,Steel,23.22,1.006,26.231,7.1154,2564.9,93.26,5.633,119.41,95.42,2130.87,46.7,0.0866,0.0,82.0,525.8,55.4,0,0.9721
PMSM_0177,614.6,7.24,0.71,43,4.43,28.2,0.041,30.3,2.254,4.64,Aluminum,6.812,1.582,8.39,3.527,179.23,145.04,9.814,154.06,140.18,608.9,45.1,0.3369,0.0,22.0,487.2,71.8,0,0.9056
PMSM_0178,432.0,12.96,0.5,114,5.94,24.35,0.04,55.7,0.906,7.98,Steel,12.394,1.185,15.162,8.3409,600.76,40.99,3.106,44.55,40.38,648.96,64.6,0.0777,4.068,22.0,2655.7,55.7,0,0.9295
PMSM_0179,762.0,24.39,0.71,46,4.34,23.54,0.079,53.8,2.958,1.95,Steel,24.261,0.957,26.598,11.6238,673.33,236.05,17.21,262.24,230.5,854.95,57.2,0.0738,1.344,24.77,496.9,43.0,0,0.9562
PMSM_0180,282.5,22.31,0.5,113,5.0,24.31,0.071,31.5,0.842,5.73,Aluminum,22.041,1.437,25.128,14.5493,1057.86,24.9,1.354,29.15,24.53,597.69,44.3,0.112,0.0,22.0,2758.5,54.2,1,1.0
PMSM_0181,404.6,21.34,0.71,78,5.06,18.02,0.062,59.4,3.713,3.77,Steel,21.74,1.364,25.083,10.0779,1022.76,157.35,5.133,205.14,160.62,1819.83,64.6,0.0668,3.737,31.61,873.0,50.7,1,1.0
PMSM_0182,268.1,10.16,1.12,52,3.65,20.93,0.064,46.1,1.934,1.93,Steel,9.228,1.343,10.262,2.1987,453.75,54.29,4.585,62.64,53.57,631.82,58.2,0.2284,0.195,57.48,220.3,60.5,0,0.9406
PMSM_0183,754.8,8.42,1.12,70,4.27,15.59,0.054,57.4,0.949,2.11,Steel,8.44,1.233,12.485,2.7493,563.0,75.01,4.922,93.49,75.42,417.37,71.8,0.2034,2.891,82.0,294.0,53.4,0,0.8658
PMSM_0184,726.4,18.37,0.3,110,4.17,22.13,0.077,66.4,2.977,7.64,Steel,18.652,1.185,22.504,21.0325,523.11,226.45,12.881,285.96,217.39,2057.49,77.4,0.0996,7.84,22.0,6856.9,43.9,1,0.9915
PMSM_0185,354.8,23.59,0.71,102,3.09,23.15,0.05,31.0,2.271,7.16,Aluminum,24.516,2.155,26.981,11.3992,1510.61,84.39,9.116,103.44,86.96,1455.73,40.7,0.0946,0.0,54.2,1103.7,58.5,0,1.0
PMSM_0186,596.0,16.14,1.0,95,3.08,18.42,0.043,23.0,4.403,7.35,Steel,15.894,1.674,17.106,5.2473,1283.66,274.8,26.713,318.0,271.23,2628.2,31.0,0.0832,0.0,82.0,537.8,70.5,0,1.0
PMSM_0187,690.3,16.43,0.3,81,5.91,29.46,0.03,63.3,2.814,7.94,Aluminum,16.594,1.489,20.614,18.2875,342.43,203.39,21.804,248.78,206.42,1431.91,70.0,0.0822,4.939,22.0,5047.4,50.1,0,0.9843
PMSM_0188,533.1,10.6,0.71,100,3.96,28.64,0.067,54.3,1.818,2.46,Steel,9.698,1.245,14.518,4.6294,583.51,101.52,7.568,117.02,103.81,1142.52,60.9,0.0652,3.105,36.28,1088.7,51.6,0,1.0
PMSM_0189,517.8,20.39,0.71,81,4.81,25.83,0.064,59.1,3.425,3.49,Steel,19.194,1.603,21.154,9.2362,938.41,185.71,7.76,199.67,180.32,1743.07,69.4,0.1253,3.802,29.06,854.4,52.7,0,0.963
PMSM_0190,345.1,8.74,0.3,95,4.05,23.0,0.043,66.4,1.805,5.68,Steel,9.163,1.407,11.457,9.8328,223.46,65.22,6.043,87.9,67.72,1077.12,78.2,0.1226,6.784,22.0,5457.7,49.7,0,0.9607
PMSM_0191,255.9,11.47,1.12,75,6.29,28.05,0.022,64.5,4.146,4.39,Steel,11.471,1.21,13.206,3.4958,816.73,111.08,5.393,120.87,112.37,1953.61,75.4,0.1424,4.887,42.75,323.2,61.7,0,0.9175
PMSM_0192,738.3,13.51,0.71,107,3.91,16.96,0.07,72.9,2.186,3.93,Aluminum,14.098,1.079,17.406,6.5634,910.55,169.05,11.785,181.17,167.85,1469.97,77.5,0.0424,9.961,55.95,1208.3,50.5,0,0.9756
PMSM_0193,740.3,15.15,1.12,46,4.5,26.86,0.021,50.4,2.835,3.5,Aluminum,14.466,1.168,16.085,4.3279,633.94,219.73,7.877,288.63,212.75,819.25,58.8,0.1792,0.829,33.16,203.6,61.4,1,1.0
PMSM_0194,579.9,9.85,0.3,93,6.05,16.87,0.062,47.9,0.987,5.16,Aluminum,10.108,0.068,12.533,11.3231,238.28,59.94,6.25,68.37,62.59,576.81,60.2,0.1308,0.896,22.0,5404.1,57.8,0,0.9411
PMSM_0195,403.4,7.3,1.12,40,5.95,26.91,0.078,43.3,2.377,5.03,Composite,8.231,1.284,12.019,2.4121,312.27,100.4,4.15,125.01,102.96,597.32,51.5,0.1996,0.0,22.0,187.0,63.8,0,0.8919
PMSM_0196,409.5,17.21,0.5,83,3.65,19.14,0.046,30.1,3.88,2.13,Steel,17.422,1.005,20.663,11.5941,615.03,166.38,18.515,191.13,161.53,2023.3,39.1,0.1069,0.0,25.6,1855.5,58.7,0,0.96
PMSM_0197,635.6,10.77,1.0,84,5.81,28.16,0.034,52.3,3.781,4.3,Steel,10.911,1.837,13.457,3.5942,776.77,251.65,27.123,293.78,247.56,1995.51,64.4,0.1415,2.057,37.16,446.0,59.8,0,0.9095
PMSM_0198,738.3,16.62,0.71,86,4.6,29.16,0.062,36.7,1.63,4.87,Aluminum,16.629,1.208,19.31,8.0011,863.76,126.02,9.049,142.23,129.92,880.77,47.3,0.1218,0.0,23.67,944.8,65.0,0,0.9902
PMSM_0199,732.3,8.09,1.0,52,4.69,17.23,0.069,70.8,1.636,4.99,Composite,7.302,0.724,10.55,2.5177,320.95,125.49,12.172,144.68,127.94,534.68,78.2,0.1381,4.477,43.43,286.9,61.7,0,0.9213
PMSM_0200,667.9,14.62,1.12,61,3.47,21.94,0.053,52.9,3.824,2.47,Steel,15.301,1.18,16.324,4.5979,890.66,267.47,22.936,313.8,274.58,1465.65,66.5,0.22,1.608,69.77,255.4,58.7,0,1.0
PMSM_0201,585.2,15.65,0.71,60,3.28,29.71,0.078,53.4,4.242,6.2,Aluminum,15.346,0.782,16.66,6.9507,560.37,260.0,26.592,329.19,258.47,1599.37,57.5,0.0674,1.684,25.46,664.5,61.4,0,0.8964
PMSM_0202,250.5,6.04,1.12,48,5.55,22.25,0.023,40.8,1.153,1.18,Steel,6.289,1.389,10.814,1.7959,285.65,30.24,2.082,36.39,30.89,347.69,55.8,0.3049,0.0,25.88,222.0,61.4,0,0.9674
PMSM_0203,297.0,11.73,0.5,65,4.74,27.95,0.05,24.8,2.465,3.48,Steel,10.951,1.316,12.262,7.4801,303.58,76.67,7.722,102.2,75.8,1006.81,28.3,0.0537,0.0,22.0,1493.0,77.4,0,0.9029
PMSM_0204,739.1,7.69,0.3,48,4.53,23.83,0.063,23.7,2.049,6.46,Aluminum,7.099,1.583,10.926,7.8948,85.43,158.56,11.357,168.48,153.99,617.84,25.9,0.0448,0.0,22.0,3075.5,72.3,0,0.8267
PMSM_0205,563.9,6.27,0.71,54,5.55,20.63,0.072,44.4,4.022,4.95,Aluminum,6.985,0.884,11.665,3.4113,229.72,237.46,27.234,285.17,240.61,1364.48,58.0,0.2467,0.0,22.0,575.2,61.3,0,0.9387
PMSM_0206,205.5,24.8,0.5,49,5.68,19.29,0.031,26.5,1.109,2.83,Steel,24.626,1.214,26.708,16.7703,510.3,23.87,1.761,29.25,25.0,341.45,31.7,0.1037,0.0,22.0,1038.3,57.4,1,0.9525
PMSM_0207,260.9,11.45,0.5,81,3.56,18.05,0.068,54.2,1.581,5.86,Steel,12.174,0.654,14.656,8.3235,420.04,43.2,3.094,57.28,42.38,804.72,65.6,0.1401,2.474,30.04,1820.0,58.8,1,0.9071
PMSM_0208,598.1,21.2,0.71,111,5.14,26.43,0.053,68.7,3.584,4.97,Aluminum,21.158,1.481,24.434,9.9521,1415.62,224.48,22.596,239.02,223.61,2499.69,81.2,0.112,8.766,33.16,1236.9,37.1,0,0.8692
PMSM_0209,203.0,10.09,1.12,63,3.47,20.8,0.044,68.8,0.99,6.57,Steel,9.172,1.408,13.699,2.6275,549.68,21.04,2.187,25.72,21.41,391.8,82.0,0.2057,4.997,77.85,282.1,51.2,1,0.9225
PMSM_0210,296.5,18.63,0.5,119,5.63,22.67,0.028,56.9,2.622,6.15,Steel,19.076,1.398,23.844,12.2067,962.71,81.42,6.506,106.34,81.76,1960.75,71.8,0.1241,4.732,22.0,3023.7,50.3,0,1.0
PMSM_0211,529.2,20.2,1.0,88,5.3,22.38,0.072,33.2,2.436,5.27,Aluminum,19.91,1.201,23.868,6.6029,1490.88,135.0,6.234,151.54,139.63,1346.8,39.0,0.0654,0.0,56.83,495.4,59.2,0,0.9986
PMSM_0212,615.1,16.91,0.5,65,6.35,23.66,0.029,67.7,2.037,4.42,Steel,17.262,1.366,18.609,11.4429,475.19,131.24,9.462,172.3,134.67,832.04,79.0,0.1702,4.927,22.0,1496.0,43.0,1,0.9562
PMSM_0213,591.2,14.43,1.12,76,3.24,27.98,0.039,69.0,2.26,1.93,Steel,14.444,1.842,18.121,4.3769,1046.17,139.91,16.387,147.7,133.73,1079.16,72.5,0.0455,6.071,70.03,346.2,47.4,1,0.96
PMSM_0214,334.6,13.24,1.12,107,3.2,29.71,0.037,32.4,2.761,2.83,Composite,12.465,1.086,15.106,3.6791,1269.07,96.72,9.457,122.81,101.55,1856.07,39.7,0.0675,0.0,82.0,481.7,59.6,0,0.9496
PMSM_0215,627.3,11.98,1.0,89,3.99,21.11,0.072,61.1,1.397,3.93,Aluminum,12.06,1.255,14.942,3.9558,912.07,91.77,9.453,122.05,94.09,781.24,74.1,0.1447,4.771,70.15,483.7,50.9,0,0.8694
PMSM_0216,342.3,23.59,0.5,63,3.92,27.41,0.06,37.2,2.916,5.2,Composite,24.689,0.766,25.885,16.1032,661.34,104.55,3.446,130.4,108.36,1154.42,44.0,0.1059,0.0,22.0,1429.1,55.9,0,0.9078
PMSM_0217,395.2,21.61,1.12,58,3.86,26.47,0.068,64.5,3.78,4.6,Composite,21.859,0.853,23.623,6.3176,1205.44,156.46,11.282,184.89,158.82,1377.56,74.2,0.1641,3.778,58.28,246.6,45.1,0,0.9555
PMSM_0218,647.9,24.3,0.71,99,6.17,23.6,0.035,74.9,3.613,3.02,Composite,24.272,1.239,28.434,11.4905,1450.57,245.11,21.617,260.66,253.84,2247.16,83.4,0.0855,9.852,31.85,1070.7,35.5,1,0.9547
PMSM_0219,589.8,7.49,0.3,78,3.87,29.34,0.057,23.6,1.369,1.05,Steel,8.024,1.642,10.839,9.2583,162.65,84.58,8.856,112.15,81.3,671.14,34.0,0.1316,0.0,22.0,4700.4,76.3,0,0.9537
PMSM_0220,709.5,19.62,0.3,113,3.95,18.01,0.054,69.6,1.352,4.47,Steel,19.723,1.097,21.929,21.8946,566.75,100.47,3.46,119.67,98.94,960.08,84.2,0.1285,9.251,22.0,6933.2,35.1,1,1.0
PMSM_0221,594.6,23.77,0.3,57,5.66,16.64,0.07,55.0,1.792,3.0,Composite,23.872,1.106,26.408,26.5895,349.32,111.59,11.909,118.14,115.79,641.88,57.7,0.047,1.9,22.0,3808.6,50.9,0,0.9927
PMSM_0222,541.0,8.62,0.5,58,4.57,27.81,0.074,73.6,2.136,6.14,Composite,8.079,1.037,12.496,5.5764,202.14,121.01,9.603,152.1,117.4,778.4,83.1,0.1604,5.527,22.0,1181.6,57.3,0,0.9236
PMSM_0223,256.2,6.33,1.0,75,5.72,21.59,0.021,46.6,2.311,1.17,Composite,6.447,0.986,10.443,1.9868,409.35,62.01,2.962,74.08,59.4,1089.17,59.9,0.1739,0.411,41.68,434.9,57.1,0,0.8668
PMSM_0224,420.6,19.82,1.12,113,3.23,27.7,0.06,66.9,3.315,5.09,Steel,20.34,1.318,22.429,6.127,2185.2,146.01,8.55,158.76,150.22,2353.56,75.2,0.0724,8.253,82.0,463.8,47.3,1,0.9858
PMSM_0225,359.1,16.49,0.71,94,4.71,28.4,0.023,25.3,1.01,7.59,Composite,16.071,0.601,17.541,7.3972,912.32,37.97,2.103,42.31,39.25,596.36,28.3,0.0318,0.0,31.19,1007.0,74.4,0,1.0
PMSM_0226,346.4,21.84,0.71,108,3.12,15.94,0.053,39.8,0.928,2.22,Composite,22.549,1.712,24.557,10.7593,1468.59,33.67,2.619,36.01,32.54,629.92,49.1,0.0852,0.0,82.0,1230.6,54.6,0,0.838
PMSM_0227,783.8,7.8,0.5,86,3.22,28.25,0.037,25.6,2.25,4.3,Aluminum,7.75,0.934,12.433,5.1967,286.98,184.69,6.4,225.74,191.23,1215.83,31.9,0.0726,0.0,22.0,1923.2,72.2,0,0.9116
PMSM_0228,435.9,20.91,0.3,88,6.17,21.72,0.038,73.7,3.38,1.64,Aluminum,20.461,1.489,23.788,22.7946,459.22,154.25,6.828,190.75,157.13,1868.6,77.7,0.0451,8.417,22.0,5149.7,40.0,1,0.9325
PMSM_0229,735.2,9.03,0.5,72,3.49,22.66,0.041,65.3,1.516,5.38,Steel,9.531,0.692,12.665,6.1977,290.06,116.7,12.037,140.24,116.93,685.69,78.3,0.1786,4.872,22.0,1539.8,46.4,1,0.9546
PMSM_0230,578.7,8.27,1.0,60,4.86,24.4,0.057,67.2,3.174,4.85,Aluminum,8.13,1.468,11.515,2.8513,412.32,192.32,8.065,249.08,198.67,1196.41,76.0,0.1439,4.437,30.07,339.2,59.6,1,0.8901
PMSM_0231,676.9,8.29,1.0,61,4.44,28.9,0.04,71.7,1.761,3.85,Aluminum,8.665,1.469,11.129,3.3053,451.46,124.85,6.368,163.34,123.84,675.09,85.8,0.2279,5.431,30.84,325.9,55.2,0,0.9256
PMSM_0232,501.6,21.29,1.12,87,4.22,15.29,0.064,26.5,4.079,4.65,Aluminum,21.146,1.354,25.374,6.0918,1750.22,214.23,15.168,264.5,207.67,2229.47,39.0,0.1418,0.0,82.0,385.0,52.9,0,0.949
PMSM_0233,546.1,18.3,1.12,76,6.15,22.15,0.044,42.4,4.114,7.28,Steel,18.274,0.802,21.367,5.3707,1322.25,235.29,18.009,247.96,230.23,1964.55,53.4,0.143,0.0,52.43,334.1,55.9,0,0.9564
PMSM_0234,495.5,15.46,1.0,54,3.08,25.32,0.024,25.8,1.9,2.37,Aluminum,15.708,1.3,17.175,5.2824,722.91,98.59,9.733,124.08,98.64,644.64,27.8,0.0376,0.0,50.16,289.5,64.6,0,0.9177
PMSM_0235,317.1,12.18,1.0,74,5.32,25.84,0.067,33.2,1.651,1.16,Steel,12.322,0.727,13.838,4.2646,774.09,54.83,3.852,64.45,55.0,767.63,40.7,0.1008,0.0,39.64,442.2,66.1,0,0.9313
PMSM_0236,633.5,22.54,1.0,110,6.37,25.39,0.037,34.2,2.322,7.03,Composite,21.546,1.099,24.694,7.0702,2014.48,154.02,15.57,187.86,158.73,1604.73,38.7,0.0411,0.0,52.64,620.8,61.8,0,0.9084
PMSM_0237,368.5,12.85,0.5,71,4.96,17.02,0.046,46.9,1.69,5.04,Aluminum,12.288,1.612,17.035,7.6256,370.77,65.21,5.585,81.17,67.11,753.9,60.7,0.1922,0.441,22.0,1436.5,58.3,0,0.9529
PMSM_0238,214.6,21.33,1.0,50,6.28,19.49,0.061,36.2,3.288,7.23,Steel,21.797,1.519,24.03,7.5374,927.73,73.88,2.969,85.34,74.48,1032.9,40.5,0.0837,0.0,36.85,277.3,56.6,0,0.9954
PMSM_0239,587.3,13.78,0.71,49,3.18,20.38,0.04,27.4,3.856,5.18,Aluminum,13.717,1.206,18.195,6.5918,406.8,237.17,10.452,314.28,243.83,1187.31,33.1,0.1144,0.0,27.7,520.8,64.4,0,0.9206
PMSM_0240,306.3,12.54,0.3,112,4.47,27.07,0.023,30.9,3.29,6.67,Composite,12.277,0.81,16.333,13.2925,350.19,105.53,7.317,115.05,102.28,2315.54,39.6,0.0772,0.0,22.0,7083.0,59.9,1,1.0
PMSM_0241,764.3,14.25,1.0,117,3.91,19.18,0.042,29.8,3.85,4.01,Steel,13.574,1.458,15.566,4.4033,1350.09,308.14,20.251,385.62,294.28,2830.33,35.2,0.046,0.0,82.0,623.6,72.7,0,0.9366
PMSM_0242,772.4,11.03,0.3,116,5.56,18.16,0.077,73.6,2.269,6.25,Steel,10.488,1.208,11.633,11.9666,309.48,183.51,17.785,192.92,190.37,1653.67,78.3,0.0404,11.048,22.0,7061.5,49.2,0,1.0
PMSM_0243,748.9,19.95,0.5,96,6.43,29.36,0.059,62.2,1.378,7.39,Steel,18.941,0.272,20.349,12.9171,769.85,108.1,8.893,143.49,103.51,831.41,72.0,0.1009,5.518,22.0,2156.2,44.3,0,0.9421
PMSM_0244,422.1,15.05,0.3,64,3.9,15.13,0.06,73.3,3.53,5.0,Composite,15.004,1.513,18.918,16.8586,245.38,156.05,10.133,169.12,152.1,1419.67,76.4,0.0486,6.035,22.0,4049.5,50.4,0,0.853
PMSM_0245,209.3,9.64,0.5,41,5.29,29.97,0.058,45.3,2.134,2.27,Composite,9.345,1.19,11.144,6.1948,166.62,46.76,2.121,50.43,47.67,549.68,48.1,0.0656,0.042,22.0,859.3,63.2,0,0.9695
PMSM_0246,757.0,22.99,0.71,103,3.69,25.15,0.032,36.8,3.284,2.88,Composite,22.508,1.681,24.993,10.5838,1397.35,260.31,13.123,299.33,257.95,2125.11,43.6,0.0658,0.0,47.1,1109.6,64.4,0,0.9767
PMSM_0247,456.9,12.68,0.5,74,4.98,27.43,0.045,64.3,1.801,2.39,Steel,12.644,0.762,15.651,8.403,396.1,86.19,7.05,100.16,89.44,837.56,75.7,0.1516,4.763,22.0,1598.2,58.6,0,0.9597
PMSM_0248,780.0,15.87,0.5,46,4.62,19.42,0.065,39.3,1.101,2.73,Composite,16.053,0.071,19.955,10.9277,312.1,89.89,6.123,100.17,88.08,318.09,48.5,0.196,0.0,22.0,986.3,64.6,0,0.9431
PMSM_0249,778.2,23.13,1.12,57,6.4,15.21,0.026,37.9,4.473,3.14,Aluminum,24.176,1.312,25.629,7.0201,1313.34,364.47,27.825,446.67,346.68,1601.81,45.4,0.1293,0.0,55.18,267.8,63.4,0,0.9603
PMSM_0250,711.8,17.48,1.0,106,5.13,26.07,0.037,34.3,1.378,4.89,Composite,16.729,1.317,19.354,5.4151,1508.16,102.71,4.659,121.5,100.66,917.74,43.7,0.0874,0.0,55.22,592.9,63.1,1,0.9374
PMSM_0251,376.7,7.34,1.0,81,4.22,27.51,0.037,28.9,4.457,5.12,Steel,7.918,0.524,10.858,2.8413,544.81,175.81,15.764,186.4,177.18,2268.42,35.6,0.0823,0.0,45.4,434.8,71.4,0,0.943
PMSM_0252,431.1,23.8,0.71,78,3.4,26.11,0.046,35.6,4.416,3.99,Aluminum,24.283,0.809,27.447,11.3917,1141.25,199.34,21.275,228.42,196.86,2164.2,49.8,0.1794,0.0,34.68,882.9,55.6,1,1.0
PMSM_0253,710.7,17.55,0.71,80,3.53,17.14,0.079,40.8,3.737,5.31,Composite,17.165,2.302,21.438,8.3342,828.89,278.13,14.8,359.65,279.1,1878.48,43.5,0.0335,0.0,52.38,947.6,64.4,0,0.9567
PMSM_0254,390.2,11.7,1.0,114,3.79,26.3,0.024,57.7,3.24,1.57,Aluminum,11.8,1.078,13.486,3.7989,1140.26,132.37,9.827,166.38,137.36,2320.66,68.5,0.0935,4.834,76.67,653.4,52.1,0,0.9836
PMSM_0255,301.7,7.79,1.12,63,3.88,26.53,0.051,25.3,2.938,1.61,Aluminum,7.557,1.492,11.788,2.238,453.5,92.82,10.934,117.64,96.65,1162.93,38.9,0.2123,0.0,49.26,280.2,63.5,0,0.895
PMSM_0256,534.1,20.88,1.0,99,5.98,24.88,0.031,33.2,4.005,2.2,Steel,20.973,0.94,24.745,6.8066,1766.65,223.97,13.436,282.08,218.73,2490.99,45.6,0.1245,0.0,44.99,534.3,51.3,0,0.9512
PMSM_0257,761.7,17.4,1.12,85,4.96,26.49,0.078,64.9,1.871,4.63,Aluminum,18.156,0.364,21.38,5.4051,1466.68,149.23,12.469,170.62,148.67,999.21,69.3,0.0511,5.632,55.27,391.9,50.2,0,0.917
PMSM_0258,617.6,15.67,0.71,58,4.83,27.69,0.027,29.8,2.53,2.5,Aluminum,15.972,1.132,19.77,7.2029,556.0,163.66,6.238,176.74,164.46,922.15,35.6,0.0991,0.0,22.0,615.3,70.4,0,0.9477
PMSM_0259,542.0,22.88,0.3,107,3.4,24.2,0.044,40.2,3.092,2.98,Steel,23.132,1.094,25.78,25.6049,634.32,175.49,14.836,198.61,183.37,2078.58,51.5,0.1048,0.0,22.0,6659.8,54.7,0,0.7976
PMSM_0260,258.3,20.77,0.71,81,6.01,16.33,0.064,67.8,2.321,3.8,Steel,20.557,1.04,22.11,9.3638,1003.66,62.79,2.39,81.6,65.92,1181.45,70.9,0.0378,6.163,38.22,911.8,45.1,1,0.9458
PMSM_0261,569.0,8.03,0.71,71,5.53,22.31,0.062,30.2,2.382,6.68,Steel,7.291,1.154,10.955,3.562,314.7,141.92,16.509,190.76,138.16,1062.49,42.8,0.1744,0.0,22.0,746.5,67.6,0,0.9164
PMSM_0262,794.0,11.23,0.5,78,3.24,16.16,0.045,26.4,2.022,1.1,Aluminum,11.13,1.306,14.229,7.5635,368.66,168.14,15.874,201.45,171.95,990.98,37.7,0.1436,0.0,30.83,1713.2,71.4,0,0.9669
PMSM_0263,284.1,9.97,0.5,75,5.48,21.11,0.041,47.7,2.888,5.55,Aluminum,10.573,1.14,14.131,6.7027,336.69,85.9,8.67,90.44,84.85,1360.78,59.2,0.1511,0.67,22.0,1437.1,62.4,0,0.9265
PMSM_0264,511.0,19.88,0.5,75,4.9,21.11,0.044,38.0,3.947,5.68,Aluminum,19.115,0.694,21.467,13.0103,610.18,211.22,19.721,230.65,200.83,1860.04,41.3,0.0435,0.0,22.0,1583.5,62.1,0,0.9856
PMSM_0265,726.4,5.67,0.5,42,3.29,15.99,0.036,51.9,1.546,6.59,Steel,5.143,1.394,9.771,3.9282,90.04,117.58,9.768,134.82,111.81,407.89,63.2,0.2635,0.96,22.0,942.7,64.1,0,0.7799
PMSM_0266,644.5,16.4,1.12,112,4.6,20.23,0.032,64.6,4.257,7.53,Composite,16.461,0.42,19.81,4.9083,1755.39,287.32,20.254,351.56,286.19,2996.01,75.4,0.0959,7.318,82.0,466.9,54.4,0,0.9706
PMSM_0267,618.2,20.25,1.0,47,4.7,16.66,0.049,29.3,3.35,1.14,Aluminum,19.757,0.38,21.098,6.4574,788.52,216.85,23.258,232.58,216.6,989.18,42.1,0.2667,0.0,42.13,275.6,64.6,0,0.8755
PMSM_0268,621.5,22.54,0.3,109,3.58,27.12,0.036,52.8,3.846,2.08,Composite,22.139,1.496,24.938,25.1638,612.71,250.31,29.065,333.67,238.36,2634.07,55.3,0.0231,2.826,22.0,6284.6,49.7,0,0.8949
PMSM_0269,415.7,11.84,0.71,80,6.31,29.22,0.037,48.8,2.858,7.2,Steel,11.63,1.403,15.655,5.1962,562.16,124.41,9.32,144.26,126.73,1436.54,51.1,0.0284,1.011,22.0,858.1,59.8,0,0.9381
PMSM_0270,376.2,21.43,1.12,107,5.97,16.08,0.059,29.6,3.684,4.21,Aluminum,20.742,1.177,24.919,6.1773,2112.37,145.12,16.521,192.11,142.13,2476.9,36.5,0.0634,0.0,82.0,471.9,62.1,0,1.0
PMSM_0271,685.6,7.21,0.3,52,5.34,29.33,0.078,55.1,0.86,4.95,Composite,6.726,0.642,9.704,7.5088,88.87,61.74,5.094,79.29,62.11,280.96,59.0,0.0742,1.746,22.0,3384.3,65.7,0,0.9697
PMSM_0272,686.1,21.93,1.12,88,4.62,22.84,0.056,36.5,3.828,5.64,Aluminum,22.281,0.917,26.86,6.9002,1864.17,275.02,21.577,351.1,269.55,2116.58,45.8,0.104,0.0,78.05,363.9,58.9,0,0.9677
PMSM_0273,720.2,7.55,1.12,99,4.44,19.49,0.025,47.9,0.949,5.75,Aluminum,6.896,1.095,8.967,2.1244,653.13,71.54,5.072,88.14,69.16,590.01,61.8,0.1393,0.942,82.0,463.1,65.3,1,0.9302
PMSM_0274,747.9,12.95,0.71,41,5.28,16.15,0.025,26.4,4.093,7.52,Aluminum,12.147,0.562,14.789,5.603,302.31,320.56,15.655,396.86,317.58,1054.32,33.4,0.1688,0.0,22.0,447.8,73.4,1,0.9322
PMSM_0275,506.8,20.95,1.0,99,4.91,22.51,0.077,46.4,4.47,7.98,Composite,20.631,0.904,25.225,6.6867,1738.02,237.25,7.197,294.52,230.9,2780.66,59.3,0.1298,0.448,69.65,523.5,52.8,0,0.9471
PMSM_0276,500.9,8.0,0.5,44,3.22,26.92,0.038,38.2,1.888,6.04,Steel,8.364,1.461,12.949,5.5079,155.8,99.04,5.124,122.67,99.38,521.97,40.2,0.0445,0.0,22.0,986.6,68.1,0,0.9564
PMSM_0277,679.0,9.59,1.0,83,4.79,25.61,0.026,65.6,1.578,3.01,Aluminum,9.487,1.771,13.229,2.9608,665.82,112.21,8.514,136.46,108.83,823.03,69.8,0.0499,5.696,43.92,460.5,50.3,0,0.8571
PMSM_0278,590.0,19.45,0.71,66,5.82,15.75,0.056,25.0,3.632,7.16,Steel,19.213,1.032,23.649,9.0296,769.17,224.38,14.405,302.0,224.57,1506.09,27.4,0.0358,0.0,29.73,703.3,68.9,0,0.9989
PMSM_0279,621.2,19.4,0.71,71,4.61,16.09,0.057,44.2,1.736,1.34,Steel,19.423,1.503,20.778,9.0059,832.12,112.94,7.947,143.4,109.07,774.53,50.5,0.087,0.0,33.77,777.4,57.1,1,0.9389
PMSM_0280,677.5,17.82,0.71,60,3.18,21.04,0.059,46.3,4.003,2.62,Composite,16.95,0.434,21.41,7.659,612.27,283.96,33.581,364.35,288.82,1508.94,60.1,0.2263,0.259,34.44,645.0,48.7,1,0.9986
PMSM_0281,734.0,18.88,0.3,47,5.75,19.43,0.036,60.4,1.181,7.28,Composite,19.126,1.464,21.409,21.5025,230.06,90.74,5.583,119.03,93.04,348.62,63.7,0.0679,2.417,22.0,2887.4,44.8,0,1.0
PMSM_0282,402.8,15.85,1.0,111,3.7,18.49,0.021,52.4,1.266,2.79,Steel,16.046,0.878,17.76,5.2492,1516.29,53.4,3.775,59.53,51.32,882.97,62.3,0.0882,2.752,82.0,627.1,54.0,0,0.8814
PMSM_0283,425.3,10.04,1.0,89,3.91,19.22,0.078,57.4,4.423,2.54,Aluminum,9.831,1.323,11.789,3.0235,743.69,197.01,8.277,211.81,196.37,2473.28,65.2,0.0874,3.667,78.55,520.9,57.9,0,0.9178
PMSM_0284,256.4,11.91,1.12,106,3.58,27.05,0.035,63.2,3.293,1.97,Composite,12.417,1.101,15.089,3.6618,1255.57,88.42,3.034,105.65,84.62,2193.33,77.4,0.1327,6.425,82.0,442.1,47.8,0,0.9171
PMSM_0285,547.0,8.63,1.12,83,4.16,28.94,0.061,67.7,3.933,7.01,Aluminum,8.068,1.728,10.073,2.4149,639.68,225.3,22.482,271.32,227.52,2051.33,71.3,0.0428,6.279,58.67,395.3,60.9,1,0.823
PMSM_0286,221.6,23.17,1.12,97,5.65,21.08,0.062,38.6,2.0,4.5,Aluminum,23.733,0.85,26.015,6.7141,2189.44,46.4,3.776,60.27,45.31,1218.95,43.4,0.0485,0.0,81.1,392.4,47.9,0,0.9189
PMSM_0287,479.4,16.67,0.71,42,4.82,28.59,0.057,50.5,3.303,5.72,Aluminum,16.745,1.451,18.285,7.9279,423.09,165.8,16.326,196.17,166.26,871.64,52.9,0.0554,0.772,22.0,455.8,63.6,0,1.0
PMSM_0288,525.6,13.02,1.0,109,3.72,19.82,0.039,66.5,2.999,2.67,Steel,12.849,1.088,15.033,4.0735,1192.35,165.05,7.177,201.56,165.33,2053.71,74.2,0.0695,7.821,82.0,614.1,48.6,1,0.9929
PMSM_0289,371.9,14.24,0.71,41,6.07,22.15,0.036,74.4,3.032,6.31,Aluminum,14.23,1.137,17.519,7.023,346.68,118.08,9.619,142.65,123.09,780.99,80.1,0.1336,4.024,22.0,452.7,49.4,0,1.0
PMSM_0290,554.5,23.95,0.3,83,6.08,18.39,0.056,69.1,3.325,6.32,Steel,23.892,1.126,26.659,26.6515,505.38,193.09,10.201,204.96,194.04,1734.19,82.5,0.1584,6.68,22.0,4949.5,43.3,0,1.0
PMSM_0291,218.3,8.07,1.12,41,6.05,24.61,0.072,41.7,2.929,3.19,Steel,8.677,0.862,11.064,2.5025,335.83,66.95,3.383,82.66,67.51,754.5,51.6,0.2349,0.0,22.23,178.4,65.7,0,0.9113
PMSM_0292,222.4,16.72,0.71,74,3.84,29.68,0.077,32.3,2.388,3.87,Aluminum,16.186,1.194,20.172,7.4501,721.91,55.61,1.726,72.2,55.06,1110.1,42.3,0.1331,0.0,26.79,792.0,60.0,0,0.9459
PMSM_0293,693.6,15.12,0.71,69,4.58,24.05,0.026,47.9,1.821,2.47,Aluminum,14.737,1.175,19.311,6.8976,613.05,132.25,5.519,145.11,138.19,789.44,56.9,0.1274,0.676,24.38,735.6,55.5,1,0.9908
PMSM_0294,416.1,17.23,0.3,47,6.45,20.37,0.029,61.3,3.644,7.84,Aluminum,17.747,1.296,21.774,19.8417,211.98,158.78,9.183,195.03,163.18,1076.03,64.5,0.0665,2.555,22.0,2972.0,56.3,1,0.9851
PMSM_0295,276.2,5.36,0.5,61,5.7,24.72,0.077,48.1,1.637,5.52,Aluminum,5.064,1.234,7.392,3.3712,130.19,47.36,1.919,58.16,46.34,627.5,55.9,0.1256,0.632,22.0,1371.5,69.4,0,0.8837
PMSM_0296,513.3,22.44,1.0,83,3.1,16.84,0.064,47.6,3.362,7.54,Steel,22.893,1.519,26.871,7.5875,1612.89,180.72,21.456,198.65,186.94,1753.15,62.6,0.1785,0.722,82.0,444.2,42.6,1,0.8719
PMSM_0297,662.0,23.64,0.5,97,3.23,28.33,0.073,66.4,1.663,3.12,Aluminum,24.492,1.569,26.1,16.3397,1014.27,115.31,6.662,125.35,114.53,1013.75,79.3,0.1312,6.928,22.0,2212.4,39.7,1,1.0
PMSM_0298,329.5,16.3,1.12,75,4.62,22.55,0.032,41.2,3.114,6.47,Aluminum,16.102,0.78,17.623,4.6714,1153.4,107.44,4.483,144.4,110.97,1467.31,54.8,0.1791,0.0,66.83,333.1,55.9,0,0.9611
PMSM_0299,573.7,18.93,0.71,108,6.18,21.74,0.055,67.6,3.564,6.36,Steel,19.274,1.548,21.656,8.98,1253.9,214.14,10.261,250.14,221.06,2418.6,80.3,0.1165,8.125,27.35,1217.5,52.1,1,0.9442
PMSM_0300,251.2,23.45,0.3,116,4.89,23.79,0.062,43.6,1.609,5.84,Composite,22.873,0.725,27.104,24.9974,679.75,42.33,3.509,47.34,41.02,1172.89,46.9,0.0285,0.0,22.0,7272.7,52.9,0,0.9781
PMSM_0301,231.0,19.14,0.3,70,4.74,24.37,0.061,39.4,1.022,7.76,Composite,19.522,1.435,21.508,21.886,347.67,24.72,0.884,27.22,25.22,449.41,44.4,0.0698,0.0,22.0,4138.9,60.1,0,0.9552
PMSM_0302,518.8,8.05,1.0,86,3.37,16.08,0.044,46.1,1.285,3.75,Steel,8.15,1.448,9.404,2.7766,596.06,69.79,7.511,87.26,68.33,694.14,48.1,0.0235,0.304,82.0,462.7,65.9,0,0.9301
PMSM_0303,524.4,16.53,0.5,94,5.3,25.24,0.021,62.4,3.042,1.92,Composite,16.762,0.435,18.289,11.0202,669.53,167.06,19.468,205.95,163.67,1796.78,68.4,0.0626,5.455,22.0,2131.4,50.3,0,1.0
PMSM_0304,582.5,17.13,1.0,119,5.88,18.63,0.055,28.7,3.943,5.7,Steel,16.812,1.237,21.246,5.9836,1699.17,240.5,12.556,298.96,235.6,2948.14,32.1,0.0284,0.0,81.28,671.0,61.9,0,0.9598
PMSM_0305,635.7,13.48,0.71,101,4.33,25.71,0.035,32.4,0.966,6.11,Aluminum,12.652,1.013,16.187,5.9573,773.16,64.33,4.536,69.25,65.79,613.34,40.6,0.0799,0.0,31.67,1101.8,65.4,0,0.8998
PMSM_0306,785.5,19.73,1.0,69,5.71,27.34,0.047,72.4,3.516,5.03,Aluminum,19.981,0.896,21.993,6.4529,1172.11,289.25,9.254,381.25,281.44,1524.48,83.2,0.1543,6.308,32.89,381.6,42.9,0,0.9643
PMSM_0307,509.8,23.69,0.3,94,6.38,27.06,0.077,31.3,2.063,2.45,Composite,22.656,1.74,25.877,25.3443,542.1,110.12,9.654,128.49,104.63,1218.38,44.7,0.1407,0.0,22.0,6042.4,56.7,0,0.9292
PMSM_0308,393.8,23.51,0.3,55,3.71,23.29,0.044,52.1,2.571,4.53,Aluminum,23.353,0.939,26.463,26.027,324.91,106.0,7.129,121.26,108.28,888.32,63.8,0.2096,1.3,22.0,3284.0,42.6,1,1.0
PMSM_0309,677.1,14.02,1.12,51,4.83,22.8,0.07,52.7,4.237,3.19,Composite,14.487,0.877,18.109,4.3906,701.6,300.42,16.314,357.11,290.54,1357.64,66.9,0.2731,1.31,42.02,228.7,55.9,1,1.0
PMSM_0310,362.5,7.26,1.12,56,4.0,17.14,0.031,48.0,2.028,3.99,Composite,7.361,1.23,9.293,2.1055,389.13,77.0,3.743,89.86,73.95,713.67,50.7,0.0474,0.551,68.48,256.2,72.2,0,0.9431
PMSM_0311,463.4,24.7,0.71,55,5.77,26.63,0.06,56.2,2.522,5.52,Aluminum,25.671,1.474,30.129,12.1422,852.11,122.37,10.874,160.19,119.16,871.45,58.3,0.0385,2.048,22.0,595.3,45.3,0,0.8991
PMSM_0312,247.1,21.78,0.5,51,5.02,19.07,0.079,34.2,0.851,6.22,Aluminum,22.291,1.143,24.528,14.808,480.75,22.01,1.485,29.24,21.74,272.58,44.8,0.2038,0.0,22.0,1172.2,60.6,0,0.8996
PMSM_0313,215.2,7.49,1.0,47,5.22,22.45,0.026,51.3,1.102,2.63,Composite,7.166,1.667,10.943,2.5,285.76,24.83,1.147,28.34,24.77,325.41,57.1,0.12,0.986,22.54,288.8,62.2,0,0.9158
PMSM_0314,777.6,23.42,0.71,42,5.79,19.26,0.02,41.7,1.757,3.84,Aluminum,23.43,1.412,24.495,10.6192,596.63,143.05,13.164,187.28,136.54,463.61,47.0,0.1232,0.0,22.82,473.5,49.8,0,0.9742
PMSM_0315,701.6,22.4,1.12,55,4.39,17.01,0.046,57.1,0.903,2.88,Steel,22.374,0.329,24.865,6.5722,1173.91,66.35,5.365,85.22,69.47,312.07,63.4,0.1125,2.213,63.1,253.9,53.1,0,0.9551
PMSM_0316,617.6,15.38,1.0,69,6.2,24.44,0.026,29.5,3.136,2.39,Aluminum,14.586,0.988,16.993,5.2063,855.39,202.82,21.759,269.6,207.2,1359.62,35.0,0.0787,0.0,31.59,380.1,68.4,1,0.9303
PMSM_0317,445.4,16.83,1.12,62,4.87,15.81,0.065,52.3,2.378,6.48,Aluminum,16.355,0.975,19.529,4.7142,965.18,110.89,4.499,124.61,108.93,926.24,60.9,0.1373,1.5,69.77,279.5,56.7,0,0.9375
PMSM_0318,304.0,12.98,1.0,44,3.55,26.23,0.075,31.8,2.828,7.36,Steel,12.7,1.392,13.991,4.1125,478.73,90.03,9.067,110.11,88.39,781.87,39.5,0.1716,0.0,37.69,239.2,61.5,0,0.9372
PMSM_0319,293.9,6.1,0.5,104,5.44,19.76,0.046,36.8,1.446,3.59,Aluminum,5.077,0.15,9.238,3.2952,225.45,44.5,4.033,50.39,44.28,945.02,45.4,0.0825,0.0,22.0,2339.2,66.1,0,0.8497
PMSM_0320,350.1,11.7,0.71,69,5.78,15.0,0.036,33.6,1.895,6.26,Aluminum,11.728,2.22,13.599,5.263,487.7,69.48,2.804,90.13,70.36,821.54,44.3,0.1535,0.0,31.81,749.5,67.9,0,0.8724
PMSM_0321,529.5,21.06,1.0,60,4.11,22.67,0.046,31.7,3.256,7.28,Composite,20.933,1.412,24.641,6.5359,1064.71,180.56,16.708,189.88,174.18,1227.54,38.7,0.1153,0.0,47.23,331.5,54.7,0,0.9241
PMSM_0322,628.8,5.09,0.3,109,6.0,15.7,0.063,65.8,4.372,6.92,Aluminum,4.256,1.26,8.469,4.683,119.09,287.84,20.074,351.01,278.89,2993.98,71.0,0.0479,7.544,22.0,6844.6,63.5,0,0.9553
PMSM_0323,596.1,11.67,0.3,61,6.17,19.14,0.021,37.1,0.987,2.28,Aluminum,11.872,1.673,15.12,13.2184,186.33,61.59,7.085,70.93,63.8,378.12,41.3,0.0671,0.0,22.0,3608.4,69.4,0,0.8907
PMSM_0324,368.0,12.96,1.0,111,3.97,25.6,0.055,71.1,4.094,7.69,Steel,13.321,2.137,17.285,4.4299,1255.6,157.77,6.744,180.93,153.92,2855.59,77.7,0.0584,9.671,82.0,662.1,53.1,0,0.9494
PMSM_0325,772.9,15.75,1.0,71,6.44,15.94,0.057,73.4,2.934,3.64,Composite,15.861,1.548,19.509,5.2582,957.82,237.51,20.867,295.34,234.67,1309.08,85.0,0.1617,6.723,44.54,375.1,42.4,0,0.9564
PMSM_0326,642.7,23.4,1.0,72,3.49,27.59,0.058,52.3,2.887,3.37,Composite,23.235,1.58,25.657,7.7536,1421.26,194.28,12.508,253.63,201.5,1305.82,64.1,0.1622,1.746,57.17,377.0,46.1,0,1.0
PMSM_0327,532.6,11.93,0.3,55,3.71,15.06,0.035,29.6,2.651,1.44,Composite,12.223,1.252,16.458,13.7853,171.05,147.86,17.169,182.28,150.27,916.13,40.2,0.1905,0.0,22.0,3519.4,64.5,0,0.9996
PMSM_0328,567.0,11.94,0.3,115,3.64,18.7,0.063,41.9,1.057,4.4,Aluminum,12.279,1.143,14.458,13.6054,355.11,62.75,3.746,81.95,61.76,763.58,46.9,0.0435,0.0,22.0,7255.6,60.0,0,0.9551
PMSM_0329,451.8,19.75,1.0,77,6.13,26.11,0.025,64.3,1.133,1.76,Composite,19.904,1.01,23.189,6.5198,1302.26,53.58,6.247,60.51,54.56,547.93,73.9,0.1237,4.948,36.55,434.4,38.4,0,0.9315
PMSM_0330,348.6,14.04,1.12,53,5.29,19.74,0.032,41.5,3.023,2.74,Steel,13.632,0.87,17.614,4.0009,689.76,110.38,12.267,133.1,105.08,1006.81,50.9,0.1744,0.0,46.37,238.4,58.5,0,0.9167
PMSM_0331,413.6,9.49,1.12,75,3.53,16.53,0.073,26.6,2.062,3.22,Composite,9.63,0.925,12.146,2.9821,686.35,89.29,4.851,105.82,91.39,971.48,34.9,0.1092,0.0,82.0,328.9,68.4,1,0.9428
PMSM_0332,654.7,14.05,0.5,62,4.54,20.4,0.064,51.5,4.194,6.66,Steel,14.647,0.66,16.858,10.0468,386.04,287.54,29.42,302.92,287.16,1633.76,60.7,0.1452,1.345,22.0,1316.0,53.2,0,0.9371
PMSM_0333,208.6,7.82,0.71,105,5.15,19.06,0.021,66.8,2.304,7.13,Composite,7.519,1.17,10.356,3.4043,474.94,50.35,6.022,61.27,51.92,1520.28,75.2,0.0792,7.627,40.27,1174.9,62.0,1,0.9531
PMSM_0334,269.6,8.53,1.12,41,3.29,27.64,0.035,64.2,1.33,3.12,Composite,9.577,0.526,13.849,2.87,374.52,37.56,1.981,46.89,39.27,342.66,73.5,0.2226,2.622,45.6,175.0,55.4,0,0.9829
PMSM_0335,227.6,14.97,0.3,112,6.09,19.7,0.033,31.3,3.444,7.01,Steel,14.705,1.276,19.424,16.406,419.53,82.1,5.69,100.78,85.59,2423.92,42.6,0.1,0.0,22.0,7116.6,65.8,0,0.9847
PMSM_0336,224.4,13.38,1.12,104,5.81,26.83,0.036,57.7,1.885,7.0,Composite,13.395,1.185,16.575,3.788,1324.31,44.31,3.404,56.32,46.13,1232.02,61.1,0.0326,4.388,55.42,453.6,65.0,0,1.0
PMSM_0337,713.3,23.3,0.5,114,4.77,28.38,0.035,33.7,2.744,6.35,Composite,22.961,1.259,26.607,15.3112,1115.11,204.98,11.59,250.36,205.23,1965.65,45.4,0.1021,0.0,22.0,2426.9,55.6,0,1.0
PMSM_0338,622.2,12.25,0.5,106,6.38,21.51,0.024,33.6,3.382,2.03,Composite,12.36,0.991,16.973,7.9465,558.65,220.36,6.913,235.79,217.27,2252.46,37.3,0.0352,0.0,22.53,2303.7,71.7,0,0.9741
PMSM_0339,484.5,16.61,0.71,91,4.46,28.65,0.048,68.3,4.131,5.83,Aluminum,15.741,2.431,17.135,7.0362,863.24,209.59,10.44,227.4,208.86,2361.97,71.2,0.0312,7.075,25.73,1010.0,47.4,1,0.9971
PMSM_0340,258.7,17.65,1.12,101,6.44,20.66,0.064,35.2,3.731,7.62,Steel,17.372,1.744,19.301,5.2437,1671.37,101.08,5.597,124.22,103.0,2367.77,49.9,0.144,0.0,74.79,433.2,59.4,0,0.934
PMSM_0341,495.0,5.26,0.3,62,5.34,29.46,0.056,36.0,3.303,5.78,Composite,4.716,0.702,8.551,5.163,75.63,171.18,11.97,193.86,177.75,1286.53,50.4,0.2292,0.0,22.0,3695.7,68.5,0,0.9891
PMSM_0342,484.1,18.27,0.3,65,5.22,16.34,0.06,22.0,3.315,3.32,Steel,18.338,1.293,22.633,20.4165,305.24,168.03,7.628,180.45,163.11,1353.72,24.8,0.0422,0.0,22.0,4013.9,70.8,0,1.0
PMSM_0343,303.9,8.56,1.0,107,3.58,25.31,0.025,68.1,4.3,4.5,Steel,9.058,0.957,13.486,3.0157,820.43,136.85,14.861,161.33,142.57,2890.84,75.9,0.0719,8.255,82.0,594.7,54.2,1,0.9934
PMSM_0344,460.3,24.22,0.3,94,6.09,22.41,0.077,64.0,1.895,5.52,Steel,24.544,0.794,27.205,27.0763,590.34,91.32,8.534,111.08,94.2,1118.96,68.4,0.0465,5.956,22.0,5632.1,48.5,0,0.974
PMSM_0345,439.1,7.97,0.71,45,4.5,20.81,0.07,55.2,0.804,4.57,Composite,6.787,0.664,8.145,3.1775,183.19,36.98,1.393,42.47,38.75,227.36,63.6,0.1806,1.537,22.0,508.9,59.4,1,0.9207
PMSM_0346,569.5,13.29,0.71,74,3.57,24.49,0.068,61.8,1.806,1.84,Composite,14.314,1.373,17.065,6.4733,638.51,107.72,9.534,136.39,111.82,839.82,74.6,0.1706,4.135,29.22,815.5,42.8,0,0.8753
PMSM_0347,581.1,6.71,0.3,61,3.04,25.56,0.069,30.1,1.606,3.18,Steel,6.855,0.927,8.778,7.8945,111.9,97.73,8.682,121.5,95.58,615.61,44.4,0.2316,0.0,22.0,3539.6,81.3,0,0.9281
PMSM_0348,227.2,24.94,0.3,82,4.96,15.07,0.076,46.3,3.249,6.62,Aluminum,24.549,1.587,26.714,27.0057,513.93,77.29,8.97,88.87,74.24,1673.84,56.5,0.1234,0.353,22.0,4732.4,51.6,0,1.0
PMSM_0349,424.8,15.04,1.0,54,4.85,17.5,0.053,40.6,3.145,7.03,Steel,15.122,1.598,19.212,5.0017,693.35,139.88,4.235,178.55,134.46,1066.98,47.2,0.12,0.0,44.3,288.7,62.5,0,0.9408
PMSM_0350,575.5,16.91,0.3,99,5.52,25.7,0.032,27.0,2.996,1.96,Aluminum,16.996,1.75,18.298,18.6758,424.65,180.55,9.445,224.72,176.78,1863.5,36.8,0.0984,0.0,22.0,6002.7,55.5,0,0.993
PMSM_0351,501.9,6.34,1.0,51,6.12,25.0,0.057,47.8,0.86,7.67,Steel,6.008,0.859,10.318,2.1168,263.23,45.2,5.131,56.11,45.72,275.61,53.8,0.1165,0.47,22.0,295.4,61.3,0,0.9708
PMSM_0352,713.9,20.0,1.0,88,3.28,29.49,0.065,70.8,3.496,3.3,Steel,20.098,1.39,22.809,6.6331,1500.65,261.39,29.771,317.86,269.35,1933.27,84.6,0.1554,7.568,63.25,512.9,37.8,0,0.9345
PMSM_0353,595.2,9.2,0.3,81,5.56,26.42,0.064,24.1,1.997,5.64,Steel,8.894,1.453,12.279,9.7789,181.71,124.48,11.807,131.13,129.45,1016.38,37.4,0.1624,0.0,22.0,5123.5,72.9,1,0.9897
PMSM_0354,297.8,22.96,0.5,77,3.66,29.26,0.051,37.4,3.261,6.26,Composite,22.759,1.01,24.118,15.3432,744.12,101.67,10.057,128.0,102.93,1577.55,46.7,0.1187,0.0,22.0,1684.4,43.1,1,0.8155
PMSM_0355,242.3,9.1,0.5,84,6.0,25.54,0.024,33.0,2.859,6.68,Aluminum,8.76,0.891,11.109,5.8457,315.55,72.56,2.774,84.38,68.98,1509.12,39.2,0.0732,0.0,22.0,1847.9,74.5,0,0.897
PMSM_0356,585.5,8.81,1.0,74,5.87,19.47,0.042,34.6,2.068,7.62,Aluminum,8.097,1.844,9.456,2.8025,510.87,126.79,9.668,168.99,122.81,961.58,40.4,0.0775,0.0,44.62,391.0,72.0,0,0.8668
PMSM_0357,215.9,5.73,0.3,69,4.89,16.58,0.075,70.1,1.298,3.19,Steel,5.804,1.291,10.65,6.2525,101.8,29.35,1.492,38.01,28.17,562.71,72.6,0.0348,5.784,22.0,4239.2,54.5,0,0.8804
PMSM_0358,551.5,14.44,0.5,69,5.49,26.73,0.055,46.8,1.149,7.01,Composite,14.734,1.454,18.963,9.5417,432.69,66.37,3.074,81.4,65.47,498.29,59.4,0.1801,0.416,22.0,1501.6,48.1,0,0.9689
PMSM_0359,764.1,16.3,0.3,117,4.1,24.66,0.052,46.7,3.877,1.92,Composite,16.554,0.871,19.393,18.4151,492.7,310.21,31.929,349.19,310.25,2849.83,54.6,0.0666,0.668,22.0,7247.6,58.5,0,0.9748
PMSM_0360,545.3,6.31,0.3,45,4.65,15.72,0.036,62.3,4.198,5.94,Aluminum,6.724,0.712,8.619,7.4075,77.44,239.72,10.105,266.35,228.77,1186.98,68.5,0.1354,2.597,22.0,2680.1,63.4,0,0.9727
PMSM_0361,432.9,20.51,0.3,106,5.88,20.4,0.042,30.2,3.204,6.19,Composite,20.673,0.972,25.407,23.095,558.93,145.26,10.485,167.35,143.06,2134.06,38.3,0.0759,0.0,22.0,6617.2,60.0,0,0.9975
PMSM_0362,586.0,14.07,1.12,119,4.61,29.35,0.074,47.8,1.183,5.74,Aluminum,13.799,1.15,16.178,4.091,1565.25,72.57,8.308,86.58,70.25,884.31,60.5,0.1054,1.121,76.29,554.2,59.9,0,0.8993
PMSM_0363,475.0,15.49,0.3,46,4.25,22.51,0.06,44.8,2.288,2.77,Aluminum,15.908,0.774,17.552,17.7162,188.53,113.77,5.316,129.57,115.45,661.15,48.4,0.077,0.0,22.0,2800.9,60.3,0,0.9113
PMSM_0364,527.4,13.82,1.12,91,4.73,21.49,0.067,53.6,3.497,7.11,Aluminum,13.136,1.196,16.389,3.585,1139.03,193.13,22.793,232.62,192.44,1999.52,66.8,0.1429,2.62,77.94,405.7,44.4,0,0.9618
PMSM_0365,764.9,13.02,1.0,53,5.9,21.87,0.047,75.0,3.685,2.18,Composite,12.565,0.525,17.34,4.566,565.33,295.19,35.271,324.59,295.05,1227.25,88.6,0.2531,5.296,31.09,299.8,46.5,1,0.9194
PMSM_0366,431.7,16.19,0.5,112,4.17,18.13,0.058,62.8,1.237,1.38,Aluminum,15.711,0.752,16.726,10.441,749.31,55.94,4.475,75.14,55.53,870.79,77.1,0.1266,6.638,28.63,2426.2,43.6,0,0.8848
PMSM_0367,776.7,8.1,0.5,54,3.61,20.53,0.035,43.1,0.8,6.02,Aluminum,8.645,1.468,10.597,5.9027,198.21,65.08,2.949,70.44,68.05,271.47,50.3,0.1303,0.0,22.0,1199.5,62.8,0,0.982
PMSM_0368,743.2,8.64,0.5,60,5.49,20.55,0.062,65.9,3.435,4.33,Steel,9.11,1.442,13.864,5.9061,230.14,267.33,15.626,355.44,259.71,1294.93,70.7,0.0791,4.172,22.0,1321.6,57.1,1,1.0
PMSM_0369,317.5,22.24,0.5,74,5.89,15.79,0.046,31.0,2.119,6.94,Aluminum,22.479,1.043,24.164,15.0478,706.17,70.46,4.806,93.3,70.58,985.43,37.9,0.0914,0.0,22.0,1635.5,54.9,0,1.0
PMSM_0370,241.6,23.92,0.5,105,3.35,26.51,0.047,23.6,1.742,3.68,Aluminum,24.458,0.793,25.911,16.0449,1091.62,44.07,2.549,53.21,45.11,1148.98,29.9,0.0597,0.0,24.33,2240.2,58.0,1,0.9851
PMSM_0371,260.5,12.47,0.5,41,3.84,21.25,0.059,32.8,0.848,2.18,Steel,12.027,0.789,15.307,8.1081,211.38,23.12,1.278,29.31,23.25,218.38,37.1,0.1021,0.0,22.0,903.5,69.9,0,0.9955
PMSM_0372,210.9,10.41,0.5,74,3.5,27.33,0.076,40.0,2.799,6.86,Steel,10.589,1.051,15.037,6.9883,332.66,61.83,7.265,73.01,64.48,1301.46,49.9,0.1319,0.0,22.0,1661.6,65.2,0,1.0
PMSM_0373,256.7,17.88,1.0,117,4.22,27.76,0.024,49.1,3.949,4.84,Composite,17.817,1.458,20.726,5.945,1769.52,106.15,4.65,131.52,104.85,2903.23,57.3,0.0695,1.584,71.27,681.3,51.0,0,0.9311
PMSM_0374,609.8,13.17,0.3,59,4.58,18.18,0.069,54.6,4.343,2.32,Aluminum,13.598,1.571,18.576,15.2486,204.7,277.35,26.626,319.56,276.35,1610.07,67.9,0.2209,1.888,22.0,3746.6,48.7,1,0.9906
PMSM_0375,242.7,5.51,0.71,49,5.62,24.86,0.038,70.3,2.893,6.04,Composite,5.45,1.001,9.167,2.3122,161.39,73.54,2.209,83.86,70.51,890.76,72.7,0.0483,4.126,22.0,591.8,48.3,0,0.9502
PMSM_0376,391.4,8.12,1.12,64,5.28,22.08,0.047,49.0,2.704,4.58,Composite,7.931,0.739,9.227,2.2234,483.57,110.81,9.27,135.57,112.01,1087.14,59.4,0.1595,0.858,48.84,272.2,63.3,0,0.993
PMSM_0377,706.9,19.32,0.71,105,5.17,28.2,0.021,48.6,1.115,5.23,Steel,19.59,1.307,24.561,9.2886,1243.2,82.52,9.278,98.98,80.77,735.41,60.5,0.1124,1.249,23.96,1186.4,47.8,0,0.9612
PMSM_0378,214.0,18.18,0.71,64,4.23,18.24,0.038,24.7,2.831,4.23,Composite,18.617,0.871,21.248,9.1598,721.08,63.43,3.547,77.63,61.27,1138.34,36.5,0.1827,0.0,33.88,703.9,64.1,0,1.0
PMSM_0379,688.7,5.54,0.3,93,5.95,25.17,0.05,23.9,2.206,6.8,Aluminum,5.208,0.993,7.357,5.7588,122.31,159.09,7.429,180.72,159.8,1289.0,37.4,0.1438,0.0,22.0,6199.1,69.8,0,0.9375
PMSM_0380,369.1,9.44,0.3,72,4.65,24.12,0.023,51.2,3.046,6.81,Steel,9.409,1.73,12.64,10.5726,171.52,117.75,10.439,136.6,118.13,1378.16,62.7,0.1572,1.491,22.0,4260.8,56.5,1,0.845
PMSM_0381,270.9,9.62,0.3,75,6.43,19.43,0.049,45.2,2.238,5.97,Aluminum,9.092,1.531,11.31,10.0811,171.81,63.5,5.977,68.27,60.8,1054.77,59.3,0.185,0.056,22.0,4432.6,66.7,1,0.994
PMSM_0382,618.0,18.44,0.5,53,5.22,17.05,0.076,66.5,1.689,1.74,Aluminum,17.189,1.263,18.535,11.8477,388.58,109.32,10.049,116.5,111.49,562.49,72.8,0.1171,3.794,22.0,1138.9,55.0,1,0.9063
PMSM_0383,577.4,5.39,1.0,104,3.44,24.77,0.026,30.5,1.151,6.87,Steel,5.494,0.691,6.5,1.482,488.61,69.61,4.089,78.39,70.48,752.37,39.1,0.0813,0.0,79.66,542.3,69.6,0,1.0
PMSM_0384,726.5,7.08,0.5,119,5.37,26.08,0.066,23.3,1.965,5.7,Aluminum,7.387,1.285,10.185,4.9433,372.95,149.51,7.879,160.31,144.86,1469.38,25.5,0.0182,0.0,22.0,2589.6,78.2,0,0.9319
PMSM_0385,641.0,21.0,1.0,93,4.14,19.73,0.045,45.8,1.158,5.88,Steel,21.129,1.625,25.477,6.718,1669.79,77.71,9.017,84.01,77.47,676.42,47.9,0.0222,0.248,80.39,496.3,51.9,0,1.0
PMSM_0386,682.1,8.57,1.0,91,5.4,24.67,0.059,34.6,1.455,3.54,Aluminum,7.596,1.05,10.885,2.0307,590.49,103.89,11.75,134.43,106.18,831.65,39.7,0.0557,0.0,43.57,503.9,77.9,0,0.9899
PMSM_0387,369.2,18.05,0.71,42,3.24,20.93,0.036,24.6,4.453,7.15,Steel,17.879,1.74,22.876,8.4536,454.2,172.18,12.252,182.8,172.69,1175.16,27.9,0.077,0.0,29.29,464.8,56.0,0,0.9742
PMSM_0388,306.5,9.76,0.71,80,3.61,25.7,0.03,60.4,2.443,6.08,Composite,8.654,1.717,10.802,4.091,418.71,78.41,8.324,97.83,77.59,1228.08,65.8,0.0665,4.108,33.27,939.0,57.1,0,0.9414
PMSM_0389,650.4,6.99,1.0,45,6.0,17.99,0.03,27.9,2.768,1.79,Aluminum,7.674,1.865,9.795,2.5009,291.14,188.51,13.33,213.35,185.16,782.61,32.2,0.0935,0.0,23.56,267.9,76.5,0,0.9294
PMSM_0390,684.1,9.86,1.0,64,3.8,28.35,0.024,54.2,4.032,3.85,Steel,9.32,1.322,10.959,3.0856,508.39,288.88,19.7,378.85,292.06,1621.52,56.6,0.0365,1.971,36.22,344.1,64.0,0,0.8413
PMSM_0391,794.3,19.45,0.5,52,5.93,19.31,0.031,36.9,4.484,7.2,Aluminum,20.073,1.435,21.729,14.0017,441.76,372.94,16.45,445.85,389.32,1464.91,50.7,0.2608,0.0,22.0,1103.7,46.8,0,0.9626
PMSM_0392,447.6,22.11,0.5,47,3.98,20.52,0.06,31.2,2.956,1.33,Aluminum,22.587,1.766,24.728,15.0063,448.9,138.55,9.473,158.18,140.93,872.95,33.3,0.0439,0.0,22.0,1055.1,61.6,0,0.9049
PMSM_0393,423.2,21.6,0.71,60,5.25,15.87,0.073,42.1,3.806,7.73,Aluminum,21.154,1.379,25.325,10.0335,765.3,168.68,13.219,203.31,161.51,1434.89,53.7,0.1897,0.0,28.48,620.5,55.3,1,0.9638
PMSM_0394,665.8,12.94,0.3,107,5.43,16.67,0.069,64.5,2.01,5.75,Steel,12.377,1.0,17.0,13.6227,336.54,140.13,4.488,163.19,139.58,1351.11,68.5,0.0368,6.947,22.0,7023.0,54.9,1,0.9104
PMSM_0395,404.5,18.36,1.0,64,4.79,22.74,0.061,42.8,1.931,5.42,Composite,18.537,1.021,23.437,6.238,1007.96,81.8,5.724,99.74,85.0,776.6,56.6,0.2132,0.0,45.52,368.9,49.8,0,0.8996
PMSM_0396,758.5,9.1,0.5,118,4.07,19.01,0.027,61.8,2.29,2.89,Composite,8.678,1.295,10.607,5.7374,432.3,181.88,18.247,197.23,174.51,1697.84,75.4,0.1143,6.604,31.52,2549.1,49.6,1,1.0
PMSM_0397,715.0,10.86,0.71,107,3.74,27.53,0.037,28.7,3.288,2.74,Composite,10.914,0.684,15.439,5.0419,706.7,246.22,22.457,332.18,258.26,2210.71,39.2,0.0972,0.0,35.81,1088.2,74.6,0,1.0
PMSM_0398,457.4,22.93,0.5,84,3.12,15.22,0.039,63.0,3.324,7.59,Steel,22.685,1.143,24.998,15.4873,812.12,159.22,13.878,187.51,166.37,1754.42,73.7,0.1263,5.028,39.89,1949.5,48.2,1,0.9609
PMSM_0399,650.5,5.26,1.0,99,4.06,20.69,0.035,34.6,1.966,3.09,Composite,4.369,1.639,5.821,1.6919,363.8,133.96,14.984,154.65,128.31,1223.16,36.6,0.0207,0.0,75.82,566.6,79.5,0,0.8733
PMSM_0400,652.7,6.71,1.0,51,5.29,20.06,0.051,57.9,1.293,6.43,Steel,5.595,0.323,10.075,1.8923,244.5,88.37,2.795,111.62,92.2,414.29,72.7,0.2847,2.193,29.97,309.7,55.9,1,0.9497
PMSM_0401,261.9,9.16,1.12,71,6.28,15.29,0.052,52.0,3.14,3.75,Aluminum,9.271,1.814,12.815,2.2984,625.03,86.11,6.9,99.81,84.93,1400.71,65.4,0.1863,1.653,66.43,291.7,53.5,0,0.9445
PMSM_0402,741.5,5.53,0.3,52,6.05,16.87,0.041,71.2,1.275,1.97,Aluminum,5.25,1.649,6.909,5.761,71.33,98.99,9.985,128.69,102.4,416.51,84.9,0.2573,4.549,22.0,3124.5,56.8,1,0.8389
PMSM_0403,503.2,8.63,1.12,70,5.68,21.2,0.041,42.5,2.94,1.08,Composite,8.352,1.016,11.071,3.0264,556.45,154.93,12.196,183.79,153.67,1293.27,53.1,0.1489,0.0,50.04,307.2,68.5,0,0.99
PMSM_0404,695.9,16.66,0.71,117,5.76,22.39,0.07,25.5,3.366,4.81,Steel,17.009,1.417,19.158,7.9392,1201.04,245.26,14.507,310.47,243.81,2474.21,32.0,0.0549,0.0,34.72,1279.9,72.8,0,0.9478
PMSM_0405,392.0,13.43,0.5,59,5.33,21.06,0.067,23.0,3.392,7.83,Aluminum,14.015,1.201,17.962,9.5641,351.06,139.26,5.886,150.72,141.13,1257.54,36.6,0.227,0.0,22.0,1275.6,70.6,0,0.9335
PMSM_0406,737.3,22.85,0.71,57,3.91,22.96,0.038,65.8,3.588,3.58,Steel,22.717,1.692,25.531,10.9537,783.88,277.02,30.439,361.19,284.63,1284.96,71.6,0.0998,3.956,30.22,637.9,49.3,1,0.9518
PMSM_0407,433.5,21.35,1.0,99,6.18,23.93,0.075,49.8,4.03,3.5,Steel,21.179,1.593,26.136,7.1033,1779.7,182.94,13.239,232.46,174.41,2506.54,59.1,0.0932,1.588,51.52,521.6,40.4,0,0.9287
PMSM_0408,206.5,11.84,1.12,102,5.35,15.15,0.077,63.1,2.65,3.41,Aluminum,12.086,0.64,13.305,3.4288,1174.86,57.3,6.248,63.81,57.84,1698.25,66.4,0.032,6.15,82.0,445.0,58.3,0,0.9771
PMSM_0409,743.2,10.19,1.12,45,4.96,21.96,0.04,34.4,3.502,4.64,Steel,9.51,1.435,11.93,2.3433,409.61,272.56,22.548,298.06,264.02,990.15,48.4,0.304,0.0,36.12,198.4,70.3,0,0.8961
PMSM_0410,254.8,12.59,1.12,71,3.39,29.45,0.041,40.3,3.091,4.08,Aluminum,12.705,1.118,15.633,3.9182,860.22,82.47,7.478,94.41,81.19,1378.89,44.1,0.0532,0.0,60.83,317.9,62.3,0,0.9762
PMSM_0411,391.6,16.81,0.71,82,4.56,22.79,0.05,23.6,1.491,7.16,Aluminum,17.082,1.233,20.094,7.8567,849.98,61.12,6.258,82.08,60.19,767.97,28.5,0.0593,0.0,30.64,920.8,65.0,0,1.0
PMSM_0412,770.0,10.36,1.0,41,4.61,25.16,0.076,73.0,0.895,4.54,Aluminum,10.701,0.909,12.965,3.6024,371.89,72.18,6.447,81.35,71.95,230.57,82.2,0.2204,3.821,22.06,215.5,59.1,0,0.9097
PMSM_0413,770.4,17.48,0.5,99,6.03,19.68,0.073,57.4,1.853,4.55,Steel,16.515,1.899,20.432,10.7598,696.77,149.47,9.839,177.4,146.99,1152.51,69.3,0.1193,4.091,22.0,2045.8,50.5,0,0.9398
PMSM_0414,544.1,13.19,0.5,62,4.91,26.61,0.026,71.5,2.439,1.97,Aluminum,12.808,1.616,17.307,8.4853,337.27,138.97,10.593,147.17,133.52,950.22,81.5,0.1595,5.468,22.0,1434.8,45.9,0,0.962
PMSM_0415,579.1,16.04,0.71,70,4.33,26.59,0.044,36.1,3.083,7.88,Steel,15.602,0.904,20.357,7.3315,661.57,186.98,19.123,218.61,180.36,1356.1,41.1,0.0707,0.0,24.23,774.5,57.9,0,0.9368
PMSM_0416,469.1,13.72,1.12,44,6.42,22.82,0.053,54.4,3.945,2.75,Aluminum,13.772,0.666,17.993,4.1527,576.89,193.77,12.33,236.67,184.73,1090.59,56.4,0.0447,1.38,31.77,187.3,62.9,0,0.9937
PMSM_0417,375.9,10.89,0.3,73,3.39,29.64,0.05,58.0,1.526,1.51,Aluminum,11.13,1.046,15.532,12.1434,206.4,60.08,3.901,80.26,59.9,699.98,69.8,0.16,3.154,22.0,4741.4,53.2,0,0.9786
PMSM_0418,397.2,23.97,0.71,49,4.48,16.88,0.032,38.8,1.265,5.64,Composite,24.717,1.374,27.92,11.8438,733.54,52.6,2.031,63.38,54.99,389.32,53.6,0.2962,0.0,30.62,537.5,48.2,0,1.0
PMSM_0419,603.5,20.27,0.71,41,3.15,15.25,0.072,66.9,4.365,5.17,Composite,20.025,1.296,24.328,9.2819,494.5,275.86,30.982,357.44,265.26,1124.44,79.5,0.2983,3.0,35.03,468.8,42.1,0,0.9129
PMSM_0420,651.4,7.8,1.0,50,5.59,26.55,0.061,72.2,1.2,3.91,Composite,7.553,1.701,9.767,2.1829,318.2,81.84,3.126,99.37,85.5,376.92,80.2,0.1565,4.533,22.0,297.9,57.0,1,0.8698
PMSM_0421,674.9,22.37,0.5,89,6.21,27.11,0.07,68.9,2.57,3.96,Steel,22.944,1.516,25.538,15.2743,866.83,181.68,16.049,192.98,185.92,1437.39,82.6,0.1528,7.09,22.0,2120.9,39.6,0,0.9395
PMSM_0422,673.8,14.75,0.71,70,3.98,16.8,0.072,61.2,2.967,6.5,Steel,14.897,1.588,17.165,7.0007,630.56,209.31,14.063,239.56,212.19,1304.77,68.5,0.1032,3.773,36.35,818.0,50.4,0,0.901
PMSM_0423,254.7,22.89,0.71,95,6.0,18.98,0.065,36.7,2.803,2.37,Aluminum,23.525,1.331,26.394,11.0767,1351.52,74.77,4.973,91.42,75.86,1673.17,45.5,0.0919,0.0,34.79,1026.9,58.9,0,0.9934
PMSM_0424,496.7,21.0,1.12,118,4.02,15.26,0.046,36.9,1.118,6.74,Aluminum,21.141,0.644,23.284,6.5645,2375.17,58.16,5.302,77.66,60.06,829.14,45.1,0.0689,0.0,82.0,537.9,58.4,1,0.9111
PMSM_0425,234.5,13.5,1.12,112,6.19,19.4,0.057,73.1,1.011,5.54,Aluminum,12.926,1.122,17.772,3.7996,1380.83,24.83,0.895,32.47,23.85,711.46,80.9,0.0692,10.475,81.39,504.1,50.6,1,1.0
PMSM_0426,529.7,5.45,0.3,48,5.64,26.6,0.03,22.5,1.19,3.93,Aluminum,4.783,1.624,7.034,5.2903,55.83,66.03,5.509,73.85,66.06,358.98,34.6,0.2465,0.0,22.0,3123.1,74.4,0,0.9339
PMSM_0427,464.9,10.37,1.0,60,5.82,22.77,0.06,60.0,2.967,4.21,Steel,9.598,1.179,10.99,2.9786,488.6,144.44,14.369,161.2,147.28,1118.41,68.8,0.145,2.99,31.52,317.5,60.7,1,0.9366
PMSM_0428,732.6,15.83,0.3,112,3.06,20.22,0.031,59.4,2.814,2.8,Aluminum,16.164,1.401,19.271,18.1238,461.06,215.9,22.57,239.72,217.77,1980.31,65.5,0.0541,5.388,22.0,7037.4,55.2,0,0.9937
PMSM_0429,410.5,17.67,1.12,67,6.37,20.58,0.062,55.0,1.665,6.26,Aluminum,18.264,1.073,19.492,5.4725,1164.71,71.58,3.246,94.96,73.96,700.85,60.4,0.0788,2.234,47.54,306.4,54.2,0,0.8875
PMSM_0430,270.2,10.16,0.5,101,5.54,15.02,0.034,74.5,3.16,4.59,Composite,11.082,0.788,12.525,7.3043,475.88,89.42,9.905,116.76,85.59,2005.19,77.0,0.0244,9.924,22.0,2067.2,56.8,1,1.0
PMSM_0431,285.8,7.79,1.12,46,4.07,19.5,0.027,38.5,3.834,3.25,Aluminum,8.209,1.151,10.086,2.0621,360.86,114.75,10.219,147.17,116.94,1108.2,48.1,0.2039,0.0,47.67,222.1,68.2,0,0.9004
PMSM_0432,656.9,21.7,1.0,119,5.9,24.7,0.03,40.0,0.954,5.17,Aluminum,22.28,1.324,25.137,7.7156,2252.73,65.62,7.176,76.63,65.84,713.19,45.0,0.0416,0.0,58.4,601.6,62.8,0,0.9522
PMSM_0433,570.9,24.69,1.12,55,3.99,29.61,0.02,26.2,2.643,7.97,Aluminum,24.398,0.938,27.131,7.0158,1277.76,158.02,11.642,189.84,156.11,913.38,30.1,0.0701,0.0,43.08,238.7,69.8,0,0.8774
PMSM_0434,260.7,15.51,1.0,43,6.05,27.71,0.063,45.5,3.35,4.05,Steel,14.936,1.106,19.134,4.8603,545.81,91.46,7.205,108.77,90.0,905.21,56.0,0.2386,0.067,24.44,243.5,47.4,0,0.9744
PMSM_0435,250.5,8.43,1.0,43,3.39,15.35,0.064,35.8,1.734,7.44,Composite,8.859,0.824,12.817,3.0245,321.93,45.47,5.125,51.2,46.02,468.37,46.7,0.2467,0.0,61.07,250.9,66.4,0,0.8819
PMSM_0436,620.6,10.45,1.0,79,5.46,28.48,0.051,40.2,1.939,3.42,Aluminum,10.655,1.648,13.36,3.3124,715.26,125.99,13.984,151.38,130.92,962.34,52.0,0.1472,0.0,37.12,436.1,56.3,0,0.9291
PMSM_0437,243.7,5.37,1.0,56,4.89,26.75,0.03,66.2,3.07,1.38,Aluminum,5.422,1.082,7.756,1.5085,257.78,78.35,5.51,82.98,78.32,1080.37,74.8,0.1499,3.963,28.52,339.1,61.3,1,0.8913
PMSM_0438,693.1,23.29,1.0,91,3.34,26.71,0.025,71.6,4.122,2.43,Composite,23.48,1.781,25.746,7.4018,1815.82,299.21,16.366,326.01,308.93,2357.04,85.2,0.1481,8.063,79.21,473.2,39.8,1,0.905
PMSM_0439,623.7,7.36,0.5,91,3.85,21.87,0.021,31.8,3.797,3.93,Aluminum,7.517,1.811,11.613,5.1553,290.77,248.0,16.215,326.36,245.57,2170.85,46.0,0.154,0.0,22.0,1877.5,71.9,0,0.8667
PMSM_0440,248.8,16.53,0.3,75,3.04,20.97,0.03,41.7,2.958,2.54,Steel,17.172,1.168,18.381,18.9712,328.57,77.06,5.001,98.29,74.0,1393.73,54.2,0.1644,0.0,22.0,4576.5,54.8,0,0.9697
PMSM_0441,250.9,10.48,0.71,77,4.64,19.54,0.073,71.2,3.502,1.0,Aluminum,11.129,0.797,12.18,5.8101,516.28,92.01,5.136,108.28,87.97,1694.2,81.5,0.1316,6.729,30.25,853.6,43.7,1,0.8967
PMSM_0442,792.0,16.08,0.3,89,4.05,15.99,0.034,25.3,2.15,7.41,Steel,16.356,0.366,20.538,17.9741,373.74,178.3,9.659,214.88,170.3,1202.2,31.2,0.0661,0.0,22.0,5435.7,66.4,0,0.9417
PMSM_0443,424.6,18.03,1.0,102,5.09,18.42,0.041,26.9,3.172,6.91,Steel,18.451,0.611,21.36,5.9661,1597.39,141.01,15.158,163.71,139.32,2032.61,41.7,0.1435,0.0,77.48,515.0,59.1,0,0.9946
PMSM_0444,422.4,21.59,0.5,102,4.04,18.7,0.026,30.6,2.525,6.2,Aluminum,21.852,0.65,23.375,14.4548,945.84,111.68,4.053,142.08,109.86,1618.15,36.2,0.054,0.0,30.32,2237.6,55.9,0,1.0
PMSM_0445,687.7,9.13,1.12,101,4.05,22.26,0.033,53.5,1.503,2.17,Composite,8.898,1.751,10.84,2.6968,861.11,108.22,9.846,139.09,110.58,953.66,58.2,0.0454,2.877,82.0,420.0,65.1,0,0.9444
PMSM_0446,768.3,5.22,0.5,46,5.6,26.21,0.051,30.0,3.396,1.84,Steel,5.598,1.246,10.328,3.6381,107.37,273.28,12.449,349.52,279.92,981.66,37.7,0.1649,0.0,22.0,1068.1,68.0,0,0.87
PMSM_0447,791.6,7.74,1.0,66,3.17,22.11,0.056,73.3,2.859,1.47,Composite,7.04,1.356,11.478,2.4693,392.26,236.99,14.458,300.22,226.35,1185.57,76.0,0.0409,6.228,62.25,398.5,55.1,0,0.9096
PMSM_0448,652.0,23.0,0.5,53,6.16,15.87,0.035,45.7,2.127,6.07,Aluminum,23.527,0.312,27.366,15.4892,531.42,145.22,5.161,161.4,141.17,708.28,60.4,0.2726,0.119,22.0,1123.0,42.9,0,0.9769
PMSM_0449,425.8,22.48,0.5,110,5.98,29.37,0.023,48.6,4.172,7.5,Steel,21.881,0.721,24.809,14.3107,1018.76,186.01,10.1,214.17,181.81,2883.45,58.2,0.0869,1.313,22.04,2372.0,46.4,0,0.9574
PMSM_0450,250.1,16.95,1.0,44,5.34,29.14,0.043,35.1,0.877,4.01,Aluminum,17.091,1.555,20.172,5.3374,638.74,22.98,2.279,27.37,23.09,242.58,44.3,0.2053,0.0,22.0,231.9,65.7,0,0.9878
PMSM_0451,666.3,17.01,0.5,94,5.08,26.78,0.034,47.0,1.968,1.83,Composite,16.588,1.315,21.489,10.6138,666.97,137.34,15.059,157.84,132.46,1162.55,57.5,0.1108,0.614,22.0,2064.3,61.0,0,0.9596
PMSM_0452,535.0,18.3,0.71,41,6.12,29.87,0.033,57.1,1.01,4.59,Aluminum,18.577,1.141,23.441,8.6182,456.58,56.62,2.827,72.27,54.54,260.31,65.5,0.2015,1.651,22.0,464.8,52.0,0,1.0
PMSM_0453,454.5,8.51,0.71,101,3.65,23.17,0.078,61.8,3.636,3.44,Aluminum,8.49,1.426,10.352,3.9259,513.56,173.08,12.413,198.83,180.76,2307.51,64.2,0.0237,5.66,37.02,1059.3,55.8,0,0.9184
PMSM_0454,743.8,23.29,0.5,60,3.28,29.44,0.057,62.0,3.398,3.62,Steel,22.491,1.854,26.735,14.8676,570.52,264.66,19.143,288.87,272.71,1280.94,71.9,0.1633,3.391,22.0,1347.6,47.7,0,1.0
PMSM_0455,266.7,13.38,1.12,118,3.84,16.13,0.053,52.6,2.026,5.35,Aluminum,13.586,1.112,15.375,4.2921,1527.97,56.59,6.147,66.19,54.78,1502.11,63.9,0.095,3.0,82.0,506.8,53.4,0,0.9407
PMSM_0456,495.6,12.66,1.0,60,5.78,20.49,0.045,69.9,3.3,6.03,Aluminum,12.374,1.228,14.228,4.3702,633.31,171.26,16.895,230.16,169.66,1244.05,77.3,0.1216,4.986,31.03,319.8,51.5,1,0.8959
PMSM_0457,206.8,15.38,0.71,49,3.12,18.38,0.046,65.3,2.265,1.77,Aluminum,15.819,1.277,19.523,7.3598,466.76,49.05,3.737,54.83,48.34,697.33,77.2,0.2369,3.319,35.29,532.7,52.3,0,1.0
PMSM_0458,481.2,5.94,1.12,97,5.04,17.94,0.052,62.1,3.598,1.25,Steel,5.94,2.157,8.56,1.4091,549.89,181.31,16.385,223.68,186.59,2192.95,67.1,0.0505,5.537,82.0,427.5,55.8,0,0.7792
PMSM_0459,233.8,8.33,0.5,78,6.48,17.11,0.062,24.9,2.48,7.96,Composite,8.523,0.36,13.25,5.5689,285.33,60.73,6.453,71.65,60.79,1215.65,29.8,0.0617,0.0,22.0,1679.2,69.7,0,0.926
PMSM_0460,271.3,19.76,1.12,44,5.99,24.34,0.062,22.4,2.325,2.63,Composite,19.282,1.473,20.638,5.6187,811.25,66.06,2.039,70.78,63.61,642.89,26.5,0.0911,0.0,24.01,183.8,60.8,0,0.935
PMSM_0461,270.5,6.66,0.3,104,4.83,26.72,0.03,33.3,4.259,1.38,Aluminum,6.361,1.154,9.407,6.9367,168.21,120.64,7.993,144.32,123.52,2782.72,40.1,0.0651,0.0,22.0,6871.7,70.1,0,1.0
PMSM_0462,589.5,17.06,0.71,52,3.22,23.67,0.05,57.2,1.728,2.33,Steel,16.834,1.427,21.508,7.7636,523.67,106.69,11.913,134.5,105.59,564.66,70.2,0.2455,2.109,27.07,568.6,46.5,1,1.0
PMSM_0463,647.6,9.91,0.5,92,5.91,17.2,0.045,43.8,1.246,1.27,Aluminum,10.335,0.937,14.952,6.7595,402.47,84.48,8.163,101.71,82.48,720.05,56.6,0.1372,0.0,22.0,1968.8,67.8,0,1.0
PMSM_0464,550.0,12.79,1.0,84,5.1,27.17,0.072,43.3,2.963,3.74,Composite,13.625,1.18,15.251,4.4642,971.94,170.65,13.457,223.83,168.53,1563.73,50.3,0.0821,0.0,43.18,466.3,64.7,0,0.9376
PMSM_0465,777.3,10.77,0.5,71,3.4,24.54,0.058,68.9,4.386,6.62,Steel,10.371,1.485,12.838,6.7871,312.44,357.06,27.732,405.86,356.98,1956.84,78.5,0.1341,5.652,22.0,1556.1,46.8,1,1.0
PMSM_0466,424.9,12.11,1.0,75,3.33,20.82,0.052,69.5,2.198,3.39,Composite,12.652,2.445,16.128,4.259,806.18,97.81,5.995,105.23,96.27,1035.79,80.8,0.1496,6.116,75.01,409.2,48.2,0,0.9407
PMSM_0467,371.4,19.38,0.5,99,6.18,25.11,0.027,70.2,1.03,4.11,Composite,18.296,1.523,19.934,12.2695,772.05,40.04,3.077,53.3,39.01,640.41,75.3,0.0514,8.311,22.0,2233.1,55.8,1,1.0
PMSM_0468,721.2,10.94,1.12,50,5.34,18.9,0.056,38.6,2.055,5.73,Steel,10.345,0.861,15.217,2.8968,494.99,155.23,13.813,180.6,153.65,645.73,42.8,0.0821,0.0,38.45,226.0,65.0,0,0.9621
PMSM_0469,334.2,16.33,1.12,102,5.9,20.18,0.027,58.6,2.672,4.56,Steel,15.849,1.03,20.508,4.9711,1538.63,93.5,6.325,114.34,89.0,1712.41,73.3,0.1421,4.633,80.41,438.1,46.8,1,0.9574
PMSM_0470,777.9,14.52,1.12,60,6.08,28.76,0.04,36.4,1.399,7.03,Aluminum,13.845,1.019,15.513,3.9244,793.01,113.98,10.745,146.76,117.08,527.45,46.4,0.1644,0.0,28.95,257.2,67.9,1,0.9383
PMSM_0471,207.3,18.27,0.3,91,5.0,19.36,0.029,32.1,3.235,7.06,Aluminum,17.482,0.482,18.966,19.1005,406.38,70.22,7.55,80.57,67.91,1849.66,46.9,0.1604,0.0,22.0,5503.9,62.2,0,0.9517
PMSM_0472,781.9,23.74,1.0,94,4.81,22.05,0.062,31.8,4.492,1.07,Composite,23.943,1.068,25.285,8.0572,1913.18,367.79,16.154,465.2,351.02,2652.87,38.2,0.0673,0.0,63.51,469.7,54.4,1,1.0
PMSM_0473,225.9,19.65,1.12,65,4.51,28.35,0.032,40.1,2.471,6.45,Steel,19.544,1.493,24.182,5.6533,1211.22,58.46,4.13,63.76,59.36,1009.35,51.3,0.1688,0.0,48.05,267.9,53.9,0,0.9729
PMSM_0474,734.7,9.3,0.3,107,4.11,25.62,0.044,44.8,2.112,4.23,Steel,9.489,0.69,11.263,10.607,259.04,162.53,10.844,184.86,166.98,1420.23,49.7,0.0453,0.0,22.0,6901.4,68.0,0,0.961
PMSM_0475,516.6,5.62,1.0,73,4.52,15.93,0.074,66.0,2.283,7.92,Aluminum,5.969,1.619,8.634,1.5089,374.49,123.49,11.345,135.03,127.37,1046.97,71.4,0.0729,5.12,65.27,435.3,58.9,0,0.9721
PMSM_0476,795.8,10.25,0.5,91,5.71,17.21,0.032,28.4,1.226,4.38,Composite,10.378,1.395,13.173,7.1972,398.5,102.17,5.363,132.14,102.1,701.01,37.0,0.0941,0.0,22.0,1983.5,70.9,0,0.7961
PMSM_0477,244.3,16.9,0.3,91,5.11,15.12,0.05,61.0,4.068,7.91,Composite,17.23,0.906,20.626,19.2794,398.8,104.07,9.118,116.22,101.0,2326.02,67.1,0.0669,4.838,22.0,5693.5,48.0,0,0.9888
PMSM_0478,532.3,6.03,0.71,68,6.12,24.46,0.045,50.2,2.335,6.28,Aluminum,5.994,1.143,7.281,2.5139,245.72,130.15,14.183,164.67,133.24,997.58,54.3,0.0606,1.171,22.0,758.6,74.7,0,0.9538
PMSM_0479,781.6,14.93,0.3,77,4.55,21.72,0.021,37.3,2.233,2.74,Steel,14.334,1.839,16.241,15.6307,282.32,182.76,12.36,243.61,186.41,1080.3,42.7,0.0695,0.0,22.0,5288.9,64.9,0,1.0
PMSM_0480,513.9,16.94,0.3,81,5.12,17.01,0.068,48.1,3.241,4.77,Aluminum,17.466,1.493,22.192,19.7409,363.29,174.39,19.531,210.73,169.97,1649.39,50.6,0.0301,0.842,22.0,5175.4,57.4,0,0.9472
PMSM_0481,577.6,11.68,1.0,60,5.21,29.37,0.024,37.9,2.436,7.94,Aluminum,11.39,1.204,16.024,3.6493,580.86,147.33,17.588,178.56,153.27,918.17,49.1,0.1829,0.0,25.25,328.6,58.9,0,0.9457
PMSM_0482,617.4,20.42,0.5,81,5.07,22.94,0.048,53.6,3.198,7.0,Aluminum,19.95,1.105,24.076,13.1335,683.95,206.81,8.179,245.75,198.63,1627.82,62.0,0.1024,2.32,22.0,1715.1,47.5,1,1.0
PMSM_0483,472.7,7.13,0.71,52,5.46,18.63,0.054,45.0,1.027,1.68,Aluminum,7.043,1.231,8.121,2.8534,222.71,50.86,2.592,58.37,53.31,335.66,48.2,0.0609,0.0,22.0,556.9,73.2,1,1.0
PMSM_0484,576.5,6.5,1.12,103,3.83,22.51,0.058,30.7,3.811,5.94,Steel,6.046,0.995,8.354,1.7294,594.39,230.07,26.581,274.41,238.36,2466.21,34.9,0.0407,0.0,82.0,469.3,69.9,0,0.9104
PMSM_0485,550.6,19.56,1.12,56,4.79,25.19,0.061,28.2,4.28,3.42,Aluminum,19.355,0.358,22.867,5.7149,1027.97,246.77,28.686,303.73,251.4,1505.91,31.5,0.0585,0.0,47.85,238.3,66.5,0,0.9816
PMSM_0486,740.7,14.91,0.3,48,3.36,16.14,0.035,51.0,3.2,1.05,Steel,15.082,2.017,17.183,16.9007,184.59,248.24,9.63,334.08,259.13,965.23,60.9,0.2033,0.956,22.0,2768.5,57.2,0,1.0
PMSM_0487,227.3,18.77,1.0,80,4.35,19.12,0.021,69.8,4.332,3.82,Aluminum,18.942,1.262,23.581,6.0343,1284.89,103.1,3.232,137.26,105.39,2177.45,73.1,0.0398,6.621,78.51,428.9,47.5,0,0.8655
PMSM_0488,368.6,13.7,1.0,40,4.71,27.1,0.063,40.2,1.36,2.64,Composite,13.248,1.359,16.783,4.1118,449.09,52.5,2.336,68.71,50.88,341.88,52.0,0.2879,0.0,22.0,210.6,65.0,0,0.9114
PMSM_0489,770.2,9.93,1.12,41,5.28,21.89,0.052,60.8,2.566,6.73,Steel,9.684,1.177,10.972,2.9724,376.19,207.01,24.767,272.58,205.81,661.14,63.1,0.054,2.166,31.13,192.0,58.3,0,1.0
PMSM_0490,734.2,21.38,0.71,99,6.33,23.2,0.07,56.9,3.027,3.36,Composite,21.919,0.906,26.555,10.4921,1311.21,232.69,10.75,276.99,222.72,1882.7,62.2,0.0524,3.93,29.02,1119.0,45.0,1,1.0
PMSM_0491,473.4,20.99,0.5,87,5.1,21.49,0.069,71.4,2.952,6.79,Aluminum,21.237,1.126,26.068,13.8434,785.45,146.36,11.011,182.55,144.75,1613.91,85.0,0.1543,7.648,23.74,1914.8,45.9,1,0.9875
PMSM_0492,572.1,18.89,0.71,68,5.6,15.66,0.071,65.5,2.285,1.0,Aluminum,19.931,0.56,21.242,9.5738,815.38,136.91,14.562,180.52,140.22,976.46,76.9,0.1644,4.649,35.77,786.4,45.6,0,0.9396
PMSM_0493,366.4,10.44,0.5,49,4.77,17.49,0.049,52.0,2.051,3.15,Aluminum,11.033,2.111,14.162,7.3628,231.52,78.7,2.505,91.91,77.8,631.43,55.0,0.059,1.148,22.0,1082.1,59.7,0,0.8892
PMSM_0494,312.9,16.8,1.12,97,5.22,21.68,0.04,56.8,1.269,2.69,Steel,17.377,0.706,19.59,5.39,1601.77,41.59,3.51,55.66,40.88,773.57,69.5,0.1293,3.823,74.26,410.9,46.5,0,0.9349
PMSM_0495,478.2,12.22,0.5,99,3.25,18.14,0.067,69.6,2.249,2.63,Composite,11.526,0.787,14.097,7.6697,485.6,112.65,6.188,132.33,113.72,1399.24,78.0,0.0841,8.123,31.55,2312.4,53.5,0,1.0
PMSM_0496,412.0,6.83,1.0,60,3.89,15.75,0.047,43.2,1.402,1.48,Steel,7.214,1.024,8.932,1.9001,366.26,60.48,6.509,74.41,62.73,528.48,56.2,0.2132,0.0,62.54,359.4,65.9,0,0.8938
PMSM_0497,550.2,23.35,0.3,67,4.27,27.65,0.031,39.3,3.517,2.31,Steel,23.32,1.715,26.632,25.8804,397.69,202.64,11.249,255.93,193.48,1480.63,49.1,0.1443,0.0,22.0,3927.4,52.0,0,0.9647
PMSM_0498,246.6,7.74,0.3,114,4.65,29.72,0.071,22.6,1.573,4.89,Aluminum,7.461,1.206,12.293,8.5019,217.9,40.62,3.729,54.23,40.15,1126.48,33.4,0.0945,0.0,22.0,6942.5,70.3,0,0.8907
PMSM_0499,784.6,24.0,1.12,73,3.16,26.9,0.073,65.8,1.017,3.04,Composite,24.089,0.706,27.101,6.9905,1675.11,83.54,7.575,93.85,80.68,466.33,80.7,0.2016,5.063,76.01,309.1,46.5,0,1.0
PMSM_0500,791.7,13.92,1.0,47,3.49,27.81,0.048,64.5,2.844,3.92,Aluminum,14.393,1.702,15.724,4.72,577.66,235.77,11.773,300.34,240.38,839.79,69.5,0.1046,3.047,33.63,244.4,59.9,1,0.9224
